customer_id,email,first_name,last_name,phone,city,loyalty_number,registration_date,status
CU000001,sophia.johnson1@email.com,Sophia,Johnson,0434223402,Sydney,RW00000001,2022-12-01,ACTIVE
CU000002,charlotte.davis2@email.com,Charlotte,Davis,0431357319,Adelaide,RW00000002,2023-10-01,ACTIVE
CU000003,emma.rodriguez3@email.com,Emma,Rodriguez,0455566890,Adelaide,RW00000003,2023-03-11,ACTIVE
CU000004,jack.jones4@email.com,Jack,Jones,0419108664,Brisbane,RW00000004,2025-02-14,ACTIVE
CU000005,james.brown5@email.com,James,Brown,0451770188,Melbourne,RW00000005,2025-06-27,ACTIVE
CU000006,sophia.martinez6@email.com,Sophia,Martinez,0415496995,Perth,RW00000006,2023-02-12,ACTIVE
CU000007,isabella.martinez7@email.com,Isabella,Martinez,0493628985,Brisbane,RW00000007,2023-04-12,ACTIVE
CU000008,emma.rodriguez8@email.com,Emma,Rodriguez,0412459183,Brisbane,RW00000008,2024-04-01,ACTIVE
CU000009,charlotte.miller9@email.com,Charlotte,Miller,0486737675,Perth,RW00000009,2025-01-31,ACTIVE
CU000010,jack.miller10@email.com,Jack,Miller,0428333765,Brisbane,RW00000010,2023-12-13,ACTIVE
CU000011,thomas.davis11@email.com,Thomas,Davis,0444964033,Canberra,RW00000011,2024-04-18,ACTIVE
CU000012,sophia.garcia12@email.com,Sophia,Garcia,0445517258,Perth,RW00000012,2025-04-30,ACTIVE
CU000013,james.williams13@email.com,James,Williams,0456726546,Perth,RW00000013,2023-08-12,ACTIVE
CU000014,william.smith14@email.com,William,Smith,0488547819,Canberra,RW00000014,2024-08-03,ACTIVE
CU000015,james.garcia15@email.com,James,Garcia,0484149797,Adelaide,RW00000015,2023-04-17,ACTIVE
CU000016,emma.garcia16@email.com,Emma,Garcia,0474117203,Newcastle,RW00000016,2022-11-14,ACTIVE
CU000017,jack.miller17@email.com,Jack,Miller,0462328889,Melbourne,RW00000017,2023-10-02,ACTIVE
CU000018,jack.garcia18@email.com,Jack,Garcia,0493346162,Canberra,RW00000018,2023-02-23,ACTIVE
CU000019,james.miller19@email.com,James,Miller,0464949538,Perth,RW00000019,2024-05-07,ACTIVE
CU000020,isabella.martinez20@email.com,Isabella,Martinez,0475723095,Melbourne,RW00000020,2022-10-08,ACTIVE
CU000021,william.williams21@email.com,William,Williams,0426378586,Perth,RW00000021,2023-02-21,ACTIVE
CU000022,thomas.davis22@email.com,Thomas,Davis,0447660700,Sydney,RW00000022,2023-07-14,ACTIVE
CU000023,sophia.johnson23@email.com,Sophia,Johnson,0436147534,Wollongong,RW00000023,2024-07-15,ACTIVE
CU000024,emma.rodriguez24@email.com,Emma,Rodriguez,0484598968,Melbourne,RW00000024,2025-08-25,ACTIVE
CU000025,oliver.smith25@email.com,Oliver,Smith,0491921070,Melbourne,RW00000025,2023-10-19,ACTIVE
CU000026,charlotte.davis26@email.com,Charlotte,Davis,0410221703,Melbourne,RW00000026,2025-01-11,ACTIVE
CU000027,charlotte.miller27@email.com,Charlotte,Miller,0421728320,Canberra,RW00000027,2025-04-06,ACTIVE
CU000028,oliver.davis28@email.com,Oliver,Davis,0442973333,Newcastle,RW00000028,2023-05-27,ACTIVE
CU000029,thomas.smith29@email.com,Thomas,Smith,0440225249,Brisbane,RW00000029,2025-01-05,ACTIVE
CU000030,emma.williams30@email.com,Emma,Williams,0452681593,Adelaide,RW00000030,2024-01-26,ACTIVE
CU000031,emma.williams31@email.com,Emma,Williams,0488949168,Melbourne,RW00000031,2025-04-18,ACTIVE
CU000032,emma.johnson32@email.com,Emma,Johnson,0416994534,Melbourne,RW00000032,2025-08-12,ACTIVE
CU000033,james.brown33@email.com,James,Brown,0435043276,Adelaide,RW00000033,2024-10-25,ACTIVE
CU000034,thomas.garcia34@email.com,Thomas,Garcia,0456819728,Melbourne,RW00000034,2023-11-03,ACTIVE
CU000035,charlotte.garcia35@email.com,Charlotte,Garcia,0467466067,Melbourne,RW00000035,2022-12-23,ACTIVE
CU000036,emma.rodriguez36@email.com,Emma,Rodriguez,0434918967,Adelaide,RW00000036,2023-06-04,ACTIVE
CU000037,emma.williams37@email.com,Emma,Williams,0475059915,Canberra,RW00000037,2023-06-06,ACTIVE
CU000038,sophia.davis38@email.com,Sophia,Davis,0427570520,Newcastle,RW00000038,2024-06-25,ACTIVE
CU000039,ava.garcia39@email.com,Ava,Garcia,0474026102,Sydney,RW00000039,2024-04-27,ACTIVE
CU000040,charlotte.brown40@email.com,Charlotte,Brown,0449040134,Wollongong,RW00000040,2023-03-08,ACTIVE
CU000041,james.davis41@email.com,James,Davis,0466035388,Melbourne,RW00000041,2023-03-12,ACTIVE
CU000042,thomas.williams42@email.com,Thomas,Williams,0464432483,Newcastle,RW00000042,2025-06-27,ACTIVE
CU000043,thomas.jones43@email.com,Thomas,Jones,0491115069,Canberra,RW00000043,2023-12-31,ACTIVE
CU000044,isabella.rodriguez44@email.com,Isabella,Rodriguez,0447830206,Sydney,RW00000044,2023-08-06,ACTIVE
CU000045,william.johnson45@email.com,William,Johnson,0455593092,Newcastle,RW00000045,2024-04-02,ACTIVE
CU000046,jack.jones46@email.com,Jack,Jones,0473950978,Perth,RW00000046,2025-07-11,ACTIVE
CU000047,oliver.williams47@email.com,Oliver,Williams,0481934817,Perth,RW00000047,2024-10-28,ACTIVE
CU000048,sophia.martinez48@email.com,Sophia,Martinez,0425542363,Perth,RW00000048,2024-12-26,ACTIVE
CU000049,william.rodriguez49@email.com,William,Rodriguez,0441106634,Sydney,RW00000049,2024-05-09,ACTIVE
CU000050,emma.martinez50@email.com,Emma,Martinez,0438656601,Adelaide,RW00000050,2022-12-17,ACTIVE
CU000051,william.rodriguez51@email.com,William,Rodriguez,0444916157,Melbourne,RW00000051,2022-11-23,ACTIVE
CU000052,emma.smith52@email.com,Emma,Smith,0433593424,Newcastle,RW00000052,2023-04-14,ACTIVE
CU000053,sophia.davis53@email.com,Sophia,Davis,0452950749,Brisbane,RW00000053,2023-11-28,ACTIVE
CU000054,sophia.davis54@email.com,Sophia,Davis,0436803635,Adelaide,RW00000054,2023-02-28,ACTIVE
CU000055,jack.brown55@email.com,Jack,Brown,0494691906,Melbourne,RW00000055,2023-01-11,ACTIVE
CU000056,jack.johnson56@email.com,Jack,Johnson,0452661854,Wollongong,RW00000056,2024-01-11,ACTIVE
CU000057,isabella.jones57@email.com,Isabella,Jones,0471264291,Newcastle,RW00000057,2024-06-03,ACTIVE
CU000058,sophia.smith58@email.com,Sophia,Smith,0420690748,Perth,RW00000058,2024-09-24,ACTIVE
CU000059,sophia.brown59@email.com,Sophia,Brown,0423000517,Melbourne,RW00000059,2023-03-23,ACTIVE
CU000060,thomas.rodriguez60@email.com,Thomas,Rodriguez,0498752348,Melbourne,RW00000060,2023-04-18,ACTIVE
CU000061,sophia.jones61@email.com,Sophia,Jones,0466498369,Newcastle,RW00000061,2023-10-03,ACTIVE
CU000062,thomas.brown62@email.com,Thomas,Brown,0452779885,Adelaide,RW00000062,2025-07-01,ACTIVE
CU000063,oliver.martinez63@email.com,Oliver,Martinez,0494691582,Wollongong,RW00000063,2024-05-03,ACTIVE
CU000064,james.brown64@email.com,James,Brown,0480582743,Wollongong,RW00000064,2025-08-21,ACTIVE
CU000065,jack.garcia65@email.com,Jack,Garcia,0445721612,Wollongong,RW00000065,2024-03-22,ACTIVE
CU000066,charlotte.davis66@email.com,Charlotte,Davis,0475642724,Brisbane,RW00000066,2025-07-05,ACTIVE
CU000067,sophia.brown67@email.com,Sophia,Brown,0464136874,Wollongong,RW00000067,2023-04-11,ACTIVE
CU000068,william.rodriguez68@email.com,William,Rodriguez,0489185000,Newcastle,RW00000068,2022-10-17,ACTIVE
CU000069,james.johnson69@email.com,James,Johnson,0429633955,Adelaide,RW00000069,2024-09-10,ACTIVE
CU000070,thomas.jones70@email.com,Thomas,Jones,0416035659,Wollongong,RW00000070,2024-05-29,ACTIVE
CU000071,charlotte.jones71@email.com,Charlotte,Jones,0479164472,Perth,RW00000071,2023-09-15,ACTIVE
CU000072,ava.williams72@email.com,Ava,Williams,0415512207,Adelaide,RW00000072,2023-02-22,ACTIVE
CU000073,sophia.miller73@email.com,Sophia,Miller,0445219971,Melbourne,RW00000073,2023-09-17,ACTIVE
CU000074,isabella.jones74@email.com,Isabella,Jones,0469144542,Brisbane,RW00000074,2025-08-14,ACTIVE
CU000075,emma.davis75@email.com,Emma,Davis,0441575678,Brisbane,RW00000075,2023-01-26,ACTIVE
CU000076,emma.martinez76@email.com,Emma,Martinez,0484440133,Canberra,RW00000076,2024-04-21,ACTIVE
CU000077,james.davis77@email.com,James,Davis,0491557065,Perth,RW00000077,2025-07-27,ACTIVE
CU000078,oliver.smith78@email.com,Oliver,Smith,0438409599,Canberra,RW00000078,2024-05-21,ACTIVE
CU000079,ava.jones79@email.com,Ava,Jones,0439674713,Melbourne,RW00000079,2024-08-13,ACTIVE
CU000080,emma.jones80@email.com,Emma,Jones,0477843803,Adelaide,RW00000080,2024-02-29,ACTIVE
CU000081,oliver.garcia81@email.com,Oliver,Garcia,0451190534,Wollongong,RW00000081,2024-11-29,ACTIVE
CU000082,sophia.jones82@email.com,Sophia,Jones,0488238241,Perth,RW00000082,2023-09-22,ACTIVE
CU000083,jack.smith83@email.com,Jack,Smith,0410207152,Perth,RW00000083,2023-06-20,ACTIVE
CU000084,thomas.davis84@email.com,Thomas,Davis,0476942808,Canberra,RW00000084,2024-01-02,ACTIVE
CU000085,sophia.smith85@email.com,Sophia,Smith,0459250378,Adelaide,RW00000085,2023-05-21,ACTIVE
CU000086,sophia.rodriguez86@email.com,Sophia,Rodriguez,0480295450,Brisbane,RW00000086,2025-03-14,ACTIVE
CU000087,oliver.garcia87@email.com,Oliver,Garcia,0477653654,Melbourne,RW00000087,2024-05-17,ACTIVE
CU000088,isabella.brown88@email.com,Isabella,Brown,0463825642,Newcastle,RW00000088,2025-06-20,ACTIVE
CU000089,emma.smith89@email.com,Emma,Smith,0424970701,Sydney,RW00000089,2024-08-23,ACTIVE
CU000090,charlotte.brown90@email.com,Charlotte,Brown,0468243256,Sydney,RW00000090,2025-01-02,ACTIVE
CU000091,ava.davis91@email.com,Ava,Davis,0496694614,Newcastle,RW00000091,2023-07-31,ACTIVE
CU000092,charlotte.smith92@email.com,Charlotte,Smith,0425743427,Wollongong,RW00000092,2023-05-04,ACTIVE
CU000093,ava.johnson93@email.com,Ava,Johnson,0496777436,Adelaide,RW00000093,2025-01-31,ACTIVE
CU000094,william.williams94@email.com,William,Williams,0457815562,Perth,RW00000094,2024-03-04,ACTIVE
CU000095,isabella.miller95@email.com,Isabella,Miller,0451843123,Sydney,RW00000095,2024-06-13,ACTIVE
CU000096,james.davis96@email.com,James,Davis,0413924240,Adelaide,RW00000096,2024-02-26,ACTIVE
CU000097,oliver.rodriguez97@email.com,Oliver,Rodriguez,0450032435,Perth,RW00000097,2023-04-11,ACTIVE
CU000098,thomas.williams98@email.com,Thomas,Williams,0419809361,Sydney,RW00000098,2023-06-14,ACTIVE
CU000099,jack.miller99@email.com,Jack,Miller,0456198749,Brisbane,RW00000099,2023-09-03,ACTIVE
CU000100,oliver.garcia100@email.com,Oliver,Garcia,0458558188,Melbourne,RW00000100,2024-12-06,ACTIVE
CU000101,charlotte.martinez101@email.com,Charlotte,Martinez,0496675250,Sydney,RW00000101,2022-10-08,ACTIVE
CU000102,thomas.rodriguez102@email.com,Thomas,Rodriguez,0462766237,Perth,RW00000102,2023-04-17,ACTIVE
CU000103,james.jones103@email.com,James,Jones,0485853368,Newcastle,RW00000103,2025-03-29,ACTIVE
CU000104,isabella.davis104@email.com,Isabella,Davis,0481782401,Canberra,RW00000104,2023-12-13,ACTIVE
CU000105,ava.miller105@email.com,Ava,Miller,0417115798,Sydney,RW00000105,2023-09-24,ACTIVE
CU000106,jack.johnson106@email.com,Jack,Johnson,0496322603,Sydney,RW00000106,2024-10-28,ACTIVE
CU000107,sophia.jones107@email.com,Sophia,Jones,0471484948,Wollongong,RW00000107,2025-09-05,ACTIVE
CU000108,emma.smith108@email.com,Emma,Smith,0486646827,Melbourne,RW00000108,2023-02-12,ACTIVE
CU000109,william.brown109@email.com,William,Brown,0497844383,Wollongong,RW00000109,2025-04-17,ACTIVE
CU000110,charlotte.rodriguez110@email.com,Charlotte,Rodriguez,0449691536,Brisbane,RW00000110,2023-04-30,ACTIVE
CU000111,oliver.brown111@email.com,Oliver,Brown,0430807237,Sydney,RW00000111,2024-07-18,ACTIVE
CU000112,sophia.brown112@email.com,Sophia,Brown,0456060759,Sydney,RW00000112,2022-10-13,ACTIVE
CU000113,james.martinez113@email.com,James,Martinez,0486315432,Perth,RW00000113,2025-01-20,ACTIVE
CU000114,charlotte.martinez114@email.com,Charlotte,Martinez,0467575864,Wollongong,RW00000114,2024-01-05,ACTIVE
CU000115,james.martinez115@email.com,James,Martinez,0414097200,Adelaide,RW00000115,2025-04-15,ACTIVE
CU000116,jack.davis116@email.com,Jack,Davis,0417588465,Wollongong,RW00000116,2024-01-21,ACTIVE
CU000117,james.brown117@email.com,James,Brown,0474340180,Perth,RW00000117,2023-03-30,ACTIVE
CU000118,oliver.jones118@email.com,Oliver,Jones,0417541495,Newcastle,RW00000118,2024-12-16,ACTIVE
CU000119,ava.johnson119@email.com,Ava,Johnson,0482220046,Adelaide,RW00000119,2023-09-29,ACTIVE
CU000120,james.smith120@email.com,James,Smith,0437873361,Wollongong,RW00000120,2023-07-14,ACTIVE
CU000121,thomas.davis121@email.com,Thomas,Davis,0481656809,Newcastle,RW00000121,2023-12-20,ACTIVE
CU000122,ava.garcia122@email.com,Ava,Garcia,0454728424,Wollongong,RW00000122,2024-12-26,ACTIVE
CU000123,charlotte.williams123@email.com,Charlotte,Williams,0442035589,Brisbane,RW00000123,2023-02-17,ACTIVE
CU000124,emma.garcia124@email.com,Emma,Garcia,0410286821,Brisbane,RW00000124,2024-11-02,ACTIVE
CU000125,oliver.johnson125@email.com,Oliver,Johnson,0477589070,Perth,RW00000125,2024-08-06,ACTIVE
CU000126,james.brown126@email.com,James,Brown,0448920902,Canberra,RW00000126,2023-07-27,ACTIVE
CU000127,isabella.davis127@email.com,Isabella,Davis,0460214103,Melbourne,RW00000127,2023-11-22,ACTIVE
CU000128,emma.garcia128@email.com,Emma,Garcia,0453453287,Newcastle,RW00000128,2023-08-17,ACTIVE
CU000129,charlotte.jones129@email.com,Charlotte,Jones,0448925599,Newcastle,RW00000129,2024-10-28,ACTIVE
CU000130,ava.smith130@email.com,Ava,Smith,0464802330,Adelaide,RW00000130,2023-04-16,ACTIVE
CU000131,ava.jones131@email.com,Ava,Jones,0499336525,Newcastle,RW00000131,2023-02-02,ACTIVE
CU000132,oliver.brown132@email.com,Oliver,Brown,0485053516,Perth,RW00000132,2023-01-10,ACTIVE
CU000133,jack.miller133@email.com,Jack,Miller,0422988208,Newcastle,RW00000133,2024-10-10,ACTIVE
CU000134,sophia.garcia134@email.com,Sophia,Garcia,0452643713,Canberra,RW00000134,2023-12-11,ACTIVE
CU000135,emma.johnson135@email.com,Emma,Johnson,0419859580,Newcastle,RW00000135,2023-01-22,ACTIVE
CU000136,isabella.brown136@email.com,Isabella,Brown,0417570961,Melbourne,RW00000136,2024-04-15,ACTIVE
CU000137,jack.jones137@email.com,Jack,Jones,0455507658,Brisbane,RW00000137,2024-09-18,ACTIVE
CU000138,sophia.johnson138@email.com,Sophia,Johnson,0498476072,Newcastle,RW00000138,2024-02-25,ACTIVE
CU000139,thomas.davis139@email.com,Thomas,Davis,0474625712,Sydney,RW00000139,2023-05-13,ACTIVE
CU000140,isabella.martinez140@email.com,Isabella,Martinez,0489471555,Brisbane,RW00000140,2024-12-12,ACTIVE
CU000141,charlotte.rodriguez141@email.com,Charlotte,Rodriguez,0482478817,Canberra,RW00000141,2023-08-20,ACTIVE
CU000142,thomas.miller142@email.com,Thomas,Miller,0492478837,Perth,RW00000142,2024-11-19,ACTIVE
CU000143,charlotte.rodriguez143@email.com,Charlotte,Rodriguez,0487579015,Perth,RW00000143,2025-07-20,ACTIVE
CU000144,thomas.miller144@email.com,Thomas,Miller,0424178841,Brisbane,RW00000144,2024-06-17,ACTIVE
CU000145,ava.jones145@email.com,Ava,Jones,0449341665,Melbourne,RW00000145,2024-04-29,ACTIVE
CU000146,isabella.smith146@email.com,Isabella,Smith,0444132560,Wollongong,RW00000146,2023-07-01,ACTIVE
CU000147,jack.garcia147@email.com,Jack,Garcia,0488939549,Melbourne,RW00000147,2024-05-06,ACTIVE
CU000148,thomas.williams148@email.com,Thomas,Williams,0431761756,Canberra,RW00000148,2025-09-04,ACTIVE
CU000149,charlotte.smith149@email.com,Charlotte,Smith,0449495348,Wollongong,RW00000149,2023-09-29,ACTIVE
CU000150,isabella.williams150@email.com,Isabella,Williams,0496258761,Sydney,RW00000150,2024-10-20,ACTIVE
CU000151,william.johnson151@email.com,William,Johnson,0490174061,Melbourne,RW00000151,2025-06-02,ACTIVE
CU000152,james.jones152@email.com,James,Jones,0414250232,Sydney,RW00000152,2023-07-20,ACTIVE
CU000153,james.brown153@email.com,James,Brown,0482314799,Melbourne,RW00000153,2025-08-20,ACTIVE
CU000154,oliver.brown154@email.com,Oliver,Brown,0476637603,Brisbane,RW00000154,2023-11-21,ACTIVE
CU000155,jack.davis155@email.com,Jack,Davis,0490596839,Adelaide,RW00000155,2024-03-16,ACTIVE
CU000156,isabella.williams156@email.com,Isabella,Williams,0434007031,Perth,RW00000156,2023-10-16,ACTIVE
CU000157,ava.smith157@email.com,Ava,Smith,0417349299,Brisbane,RW00000157,2024-11-23,ACTIVE
CU000158,james.rodriguez158@email.com,James,Rodriguez,0488022778,Newcastle,RW00000158,2025-06-08,ACTIVE
CU000159,william.rodriguez159@email.com,William,Rodriguez,0472593051,Canberra,RW00000159,2022-10-18,ACTIVE
CU000160,william.rodriguez160@email.com,William,Rodriguez,0417289969,Brisbane,RW00000160,2023-12-03,ACTIVE
CU000161,ava.martinez161@email.com,Ava,Martinez,0459118085,Wollongong,RW00000161,2023-10-11,ACTIVE
CU000162,oliver.miller162@email.com,Oliver,Miller,0428505648,Wollongong,RW00000162,2023-07-15,ACTIVE
CU000163,william.johnson163@email.com,William,Johnson,0497663349,Newcastle,RW00000163,2025-08-16,ACTIVE
CU000164,james.smith164@email.com,James,Smith,0480626625,Wollongong,RW00000164,2023-04-18,ACTIVE
CU000165,charlotte.brown165@email.com,Charlotte,Brown,0477544058,Canberra,RW00000165,2023-02-27,ACTIVE
CU000166,ava.williams166@email.com,Ava,Williams,0464722161,Melbourne,RW00000166,2023-02-21,ACTIVE
CU000167,isabella.jones167@email.com,Isabella,Jones,0439628791,Sydney,RW00000167,2023-10-24,ACTIVE
CU000168,jack.brown168@email.com,Jack,Brown,0459788231,Adelaide,RW00000168,2025-08-14,ACTIVE
CU000169,charlotte.johnson169@email.com,Charlotte,Johnson,0496689220,Adelaide,RW00000169,2024-01-14,ACTIVE
CU000170,ava.davis170@email.com,Ava,Davis,0438493006,Sydney,RW00000170,2024-06-10,ACTIVE
CU000171,charlotte.brown171@email.com,Charlotte,Brown,0453220989,Brisbane,RW00000171,2024-02-24,ACTIVE
CU000172,thomas.miller172@email.com,Thomas,Miller,0491698900,Perth,RW00000172,2023-01-05,ACTIVE
CU000173,emma.garcia173@email.com,Emma,Garcia,0485893283,Brisbane,RW00000173,2023-08-15,ACTIVE
CU000174,isabella.smith174@email.com,Isabella,Smith,0436833867,Perth,RW00000174,2025-08-05,ACTIVE
CU000175,william.miller175@email.com,William,Miller,0478158456,Adelaide,RW00000175,2023-12-04,ACTIVE
CU000176,charlotte.miller176@email.com,Charlotte,Miller,0411307399,Brisbane,RW00000176,2023-10-04,ACTIVE
CU000177,charlotte.martinez177@email.com,Charlotte,Martinez,0485315001,Brisbane,RW00000177,2022-12-18,ACTIVE
CU000178,william.jones178@email.com,William,Jones,0490773246,Melbourne,RW00000178,2025-04-10,ACTIVE
CU000179,james.smith179@email.com,James,Smith,0413946821,Newcastle,RW00000179,2024-08-05,ACTIVE
CU000180,william.rodriguez180@email.com,William,Rodriguez,0426480031,Newcastle,RW00000180,2024-10-24,ACTIVE
CU000181,isabella.jones181@email.com,Isabella,Jones,0421823588,Wollongong,RW00000181,2024-03-10,ACTIVE
CU000182,oliver.johnson182@email.com,Oliver,Johnson,0436642539,Newcastle,RW00000182,2024-09-19,ACTIVE
CU000183,william.williams183@email.com,William,Williams,0458014226,Perth,RW00000183,2023-07-25,ACTIVE
CU000184,william.martinez184@email.com,William,Martinez,0413656309,Perth,RW00000184,2023-07-29,ACTIVE
CU000185,isabella.jones185@email.com,Isabella,Jones,0458913233,Adelaide,RW00000185,2025-08-25,ACTIVE
CU000186,james.davis186@email.com,James,Davis,0483373176,Melbourne,RW00000186,2025-02-14,ACTIVE
CU000187,william.smith187@email.com,William,Smith,0429251027,Perth,RW00000187,2023-04-11,ACTIVE
CU000188,oliver.jones188@email.com,Oliver,Jones,0422313109,Wollongong,RW00000188,2025-04-25,ACTIVE
CU000189,charlotte.rodriguez189@email.com,Charlotte,Rodriguez,0483416048,Wollongong,RW00000189,2023-07-07,ACTIVE
CU000190,thomas.garcia190@email.com,Thomas,Garcia,0454975842,Perth,RW00000190,2024-08-14,ACTIVE
CU000191,thomas.rodriguez191@email.com,Thomas,Rodriguez,0445327933,Wollongong,RW00000191,2022-12-29,ACTIVE
CU000192,thomas.garcia192@email.com,Thomas,Garcia,0427164338,Newcastle,RW00000192,2025-06-24,ACTIVE
CU000193,ava.brown193@email.com,Ava,Brown,0479733342,Adelaide,RW00000193,2024-03-19,ACTIVE
CU000194,ava.brown194@email.com,Ava,Brown,0425515086,Brisbane,RW00000194,2022-11-19,ACTIVE
CU000195,ava.miller195@email.com,Ava,Miller,0467421339,Wollongong,RW00000195,2025-05-04,ACTIVE
CU000196,sophia.martinez196@email.com,Sophia,Martinez,0443843039,Canberra,RW00000196,2023-08-23,ACTIVE
CU000197,oliver.garcia197@email.com,Oliver,Garcia,0470980439,Melbourne,RW00000197,2024-01-08,ACTIVE
CU000198,thomas.garcia198@email.com,Thomas,Garcia,0487346890,Adelaide,RW00000198,2023-12-15,ACTIVE
CU000199,william.rodriguez199@email.com,William,Rodriguez,0449904697,Canberra,RW00000199,2025-05-30,ACTIVE
CU000200,jack.smith200@email.com,Jack,Smith,0488914263,Sydney,RW00000200,2024-05-04,ACTIVE
CU000201,charlotte.smith201@email.com,Charlotte,Smith,0415900473,Newcastle,RW00000201,2025-06-26,ACTIVE
CU000202,sophia.rodriguez202@email.com,Sophia,Rodriguez,0425337197,Perth,RW00000202,2025-04-04,ACTIVE
CU000203,isabella.williams203@email.com,Isabella,Williams,0497484820,Melbourne,RW00000203,2023-11-06,ACTIVE
CU000204,charlotte.smith204@email.com,Charlotte,Smith,0423021479,Canberra,RW00000204,2025-01-26,ACTIVE
CU000205,emma.garcia205@email.com,Emma,Garcia,0433096483,Wollongong,RW00000205,2023-05-25,ACTIVE
CU000206,emma.rodriguez206@email.com,Emma,Rodriguez,0495599236,Sydney,RW00000206,2023-05-30,ACTIVE
CU000207,james.williams207@email.com,James,Williams,0422877864,Canberra,RW00000207,2024-02-13,ACTIVE
CU000208,oliver.martinez208@email.com,Oliver,Martinez,0473273630,Sydney,RW00000208,2023-02-12,ACTIVE
CU000209,ava.garcia209@email.com,Ava,Garcia,0480557878,Sydney,RW00000209,2025-03-05,ACTIVE
CU000210,emma.martinez210@email.com,Emma,Martinez,0475666972,Melbourne,RW00000210,2023-11-15,ACTIVE
CU000211,emma.garcia211@email.com,Emma,Garcia,0431469940,Wollongong,RW00000211,2023-09-22,ACTIVE
CU000212,jack.martinez212@email.com,Jack,Martinez,0459330875,Melbourne,RW00000212,2025-03-25,ACTIVE
CU000213,ava.miller213@email.com,Ava,Miller,0478031751,Canberra,RW00000213,2025-07-02,ACTIVE
CU000214,emma.davis214@email.com,Emma,Davis,0463020227,Newcastle,RW00000214,2023-02-16,ACTIVE
CU000215,charlotte.smith215@email.com,Charlotte,Smith,0497868746,Perth,RW00000215,2023-12-15,ACTIVE
CU000216,sophia.miller216@email.com,Sophia,Miller,0443895931,Sydney,RW00000216,2023-05-16,ACTIVE
CU000217,charlotte.rodriguez217@email.com,Charlotte,Rodriguez,0442222845,Adelaide,RW00000217,2024-10-08,ACTIVE
CU000218,james.rodriguez218@email.com,James,Rodriguez,0444768903,Melbourne,RW00000218,2023-06-26,ACTIVE
CU000219,ava.miller219@email.com,Ava,Miller,0413577179,Wollongong,RW00000219,2023-01-21,ACTIVE
CU000220,charlotte.miller220@email.com,Charlotte,Miller,0431491560,Sydney,RW00000220,2022-10-14,ACTIVE
CU000221,james.johnson221@email.com,James,Johnson,0489980952,Perth,RW00000221,2025-08-30,ACTIVE
CU000222,sophia.johnson222@email.com,Sophia,Johnson,0413579990,Sydney,RW00000222,2023-08-18,ACTIVE
CU000223,william.johnson223@email.com,William,Johnson,0443971610,Brisbane,RW00000223,2023-08-09,ACTIVE
CU000224,ava.smith224@email.com,Ava,Smith,0430262246,Perth,RW00000224,2023-11-28,ACTIVE
CU000225,charlotte.smith225@email.com,Charlotte,Smith,0418021123,Newcastle,RW00000225,2023-11-30,ACTIVE
CU000226,william.martinez226@email.com,William,Martinez,0473002255,Canberra,RW00000226,2023-12-28,ACTIVE
CU000227,ava.garcia227@email.com,Ava,Garcia,0441446310,Brisbane,RW00000227,2023-07-24,ACTIVE
CU000228,oliver.johnson228@email.com,Oliver,Johnson,0459750423,Adelaide,RW00000228,2025-01-14,ACTIVE
CU000229,jack.williams229@email.com,Jack,Williams,0441693039,Newcastle,RW00000229,2024-02-12,ACTIVE
CU000230,thomas.rodriguez230@email.com,Thomas,Rodriguez,0478205804,Newcastle,RW00000230,2023-08-25,ACTIVE
CU000231,charlotte.williams231@email.com,Charlotte,Williams,0440046701,Sydney,RW00000231,2024-07-17,ACTIVE
CU000232,ava.garcia232@email.com,Ava,Garcia,0487641136,Brisbane,RW00000232,2023-09-23,ACTIVE
CU000233,ava.miller233@email.com,Ava,Miller,0438904330,Perth,RW00000233,2024-11-15,ACTIVE
CU000234,oliver.johnson234@email.com,Oliver,Johnson,0415967807,Adelaide,RW00000234,2023-08-08,ACTIVE
CU000235,charlotte.smith235@email.com,Charlotte,Smith,0461919031,Sydney,RW00000235,2022-12-28,ACTIVE
CU000236,william.martinez236@email.com,William,Martinez,0417344075,Perth,RW00000236,2023-09-04,ACTIVE
CU000237,ava.miller237@email.com,Ava,Miller,0498776660,Melbourne,RW00000237,2025-02-19,ACTIVE
CU000238,sophia.martinez238@email.com,Sophia,Martinez,0427958470,Wollongong,RW00000238,2023-02-04,ACTIVE
CU000239,thomas.garcia239@email.com,Thomas,Garcia,0453471430,Sydney,RW00000239,2023-04-16,ACTIVE
CU000240,william.miller240@email.com,William,Miller,0499338832,Melbourne,RW00000240,2024-12-30,ACTIVE
CU000241,james.miller241@email.com,James,Miller,0488990303,Newcastle,RW00000241,2023-08-01,ACTIVE
CU000242,charlotte.davis242@email.com,Charlotte,Davis,0498436634,Wollongong,RW00000242,2023-07-23,ACTIVE
CU000243,thomas.martinez243@email.com,Thomas,Martinez,0411415193,Canberra,RW00000243,2025-06-18,ACTIVE
CU000244,james.smith244@email.com,James,Smith,0424351608,Canberra,RW00000244,2025-02-12,ACTIVE
CU000245,james.miller245@email.com,James,Miller,0426184843,Adelaide,RW00000245,2023-04-22,ACTIVE
CU000246,thomas.johnson246@email.com,Thomas,Johnson,0437256812,Melbourne,RW00000246,2024-08-26,ACTIVE
CU000247,jack.jones247@email.com,Jack,Jones,0434882829,Newcastle,RW00000247,2023-09-15,ACTIVE
CU000248,charlotte.davis248@email.com,Charlotte,Davis,0493888398,Brisbane,RW00000248,2024-01-29,ACTIVE
CU000249,william.garcia249@email.com,William,Garcia,0493784108,Canberra,RW00000249,2022-12-01,ACTIVE
CU000250,ava.davis250@email.com,Ava,Davis,0489337139,Brisbane,RW00000250,2024-01-26,ACTIVE
CU000251,thomas.jones251@email.com,Thomas,Jones,0467479012,Sydney,RW00000251,2023-02-13,ACTIVE
CU000252,isabella.miller252@email.com,Isabella,Miller,0459350453,Perth,RW00000252,2024-06-28,ACTIVE
CU000253,emma.jones253@email.com,Emma,Jones,0459873839,Perth,RW00000253,2024-05-22,ACTIVE
CU000254,william.smith254@email.com,William,Smith,0433566226,Brisbane,RW00000254,2023-05-17,ACTIVE
CU000255,william.davis255@email.com,William,Davis,0472709421,Brisbane,RW00000255,2024-01-24,ACTIVE
CU000256,isabella.miller256@email.com,Isabella,Miller,0458457317,Adelaide,RW00000256,2024-12-20,ACTIVE
CU000257,charlotte.davis257@email.com,Charlotte,Davis,0436050853,Wollongong,RW00000257,2023-04-03,ACTIVE
CU000258,isabella.brown258@email.com,Isabella,Brown,0431912863,Melbourne,RW00000258,2022-10-11,ACTIVE
CU000259,sophia.smith259@email.com,Sophia,Smith,0459844508,Canberra,RW00000259,2022-10-08,ACTIVE
CU000260,charlotte.rodriguez260@email.com,Charlotte,Rodriguez,0439480603,Perth,RW00000260,2025-07-27,ACTIVE
CU000261,william.martinez261@email.com,William,Martinez,0430847756,Melbourne,RW00000261,2023-04-16,ACTIVE
CU000262,james.davis262@email.com,James,Davis,0465680816,Melbourne,RW00000262,2024-08-03,ACTIVE
CU000263,isabella.jones263@email.com,Isabella,Jones,0462587684,Melbourne,RW00000263,2024-02-01,ACTIVE
CU000264,isabella.williams264@email.com,Isabella,Williams,0419299235,Adelaide,RW00000264,2023-08-06,ACTIVE
CU000265,isabella.davis265@email.com,Isabella,Davis,0415996203,Adelaide,RW00000265,2023-06-17,ACTIVE
CU000266,james.jones266@email.com,James,Jones,0427880049,Wollongong,RW00000266,2023-08-16,ACTIVE
CU000267,oliver.martinez267@email.com,Oliver,Martinez,0460582770,Wollongong,RW00000267,2022-11-09,ACTIVE
CU000268,thomas.rodriguez268@email.com,Thomas,Rodriguez,0495267857,Newcastle,RW00000268,2023-06-17,ACTIVE
CU000269,isabella.martinez269@email.com,Isabella,Martinez,0426838681,Sydney,RW00000269,2022-12-18,ACTIVE
CU000270,ava.brown270@email.com,Ava,Brown,0440001749,Perth,RW00000270,2023-12-02,ACTIVE
CU000271,william.brown271@email.com,William,Brown,0423454218,Newcastle,RW00000271,2023-05-04,ACTIVE
CU000272,william.johnson272@email.com,William,Johnson,0446440799,Brisbane,RW00000272,2023-01-29,ACTIVE
CU000273,sophia.davis273@email.com,Sophia,Davis,0495850077,Perth,RW00000273,2024-11-07,ACTIVE
CU000274,sophia.garcia274@email.com,Sophia,Garcia,0431961179,Wollongong,RW00000274,2023-05-19,ACTIVE
CU000275,james.johnson275@email.com,James,Johnson,0480440032,Canberra,RW00000275,2023-11-16,ACTIVE
CU000276,william.miller276@email.com,William,Miller,0475229708,Perth,RW00000276,2024-03-20,ACTIVE
CU000277,oliver.johnson277@email.com,Oliver,Johnson,0453018700,Canberra,RW00000277,2025-08-14,ACTIVE
CU000278,william.miller278@email.com,William,Miller,0427170008,Sydney,RW00000278,2024-02-18,ACTIVE
CU000279,isabella.smith279@email.com,Isabella,Smith,0425455729,Brisbane,RW00000279,2024-09-06,ACTIVE
CU000280,isabella.williams280@email.com,Isabella,Williams,0435747400,Perth,RW00000280,2024-10-15,ACTIVE
CU000281,isabella.miller281@email.com,Isabella,Miller,0437342073,Newcastle,RW00000281,2024-11-18,ACTIVE
CU000282,james.johnson282@email.com,James,Johnson,0448973223,Sydney,RW00000282,2024-02-13,ACTIVE
CU000283,thomas.rodriguez283@email.com,Thomas,Rodriguez,0449712894,Melbourne,RW00000283,2024-09-19,ACTIVE
CU000284,jack.johnson284@email.com,Jack,Johnson,0478151116,Newcastle,RW00000284,2025-05-04,ACTIVE
CU000285,james.smith285@email.com,James,Smith,0452854844,Adelaide,RW00000285,2023-03-25,ACTIVE
CU000286,william.garcia286@email.com,William,Garcia,0469887391,Brisbane,RW00000286,2025-07-20,ACTIVE
CU000287,thomas.smith287@email.com,Thomas,Smith,0486822001,Newcastle,RW00000287,2022-11-17,ACTIVE
CU000288,james.martinez288@email.com,James,Martinez,0427520478,Adelaide,RW00000288,2024-05-05,ACTIVE
CU000289,charlotte.davis289@email.com,Charlotte,Davis,0465668185,Canberra,RW00000289,2025-04-11,ACTIVE
CU000290,jack.miller290@email.com,Jack,Miller,0465920238,Newcastle,RW00000290,2024-09-24,ACTIVE
CU000291,sophia.rodriguez291@email.com,Sophia,Rodriguez,0445391874,Canberra,RW00000291,2023-08-21,ACTIVE
CU000292,jack.miller292@email.com,Jack,Miller,0435829461,Sydney,RW00000292,2025-03-10,ACTIVE
CU000293,sophia.smith293@email.com,Sophia,Smith,0414413509,Newcastle,RW00000293,2024-03-25,ACTIVE
CU000294,emma.davis294@email.com,Emma,Davis,0442368455,Canberra,RW00000294,2023-08-08,ACTIVE
CU000295,william.brown295@email.com,William,Brown,0441194130,Canberra,RW00000295,2022-12-15,ACTIVE
CU000296,charlotte.brown296@email.com,Charlotte,Brown,0461455274,Melbourne,RW00000296,2024-06-22,ACTIVE
CU000297,sophia.rodriguez297@email.com,Sophia,Rodriguez,0443277481,Wollongong,RW00000297,2024-12-03,ACTIVE
CU000298,sophia.brown298@email.com,Sophia,Brown,0479401916,Wollongong,RW00000298,2023-08-23,ACTIVE
CU000299,jack.rodriguez299@email.com,Jack,Rodriguez,0444366321,Canberra,RW00000299,2025-04-12,ACTIVE
CU000300,ava.jones300@email.com,Ava,Jones,0448352173,Brisbane,RW00000300,2024-01-17,ACTIVE
CU000301,jack.martinez301@email.com,Jack,Martinez,0436730639,Newcastle,RW00000301,2024-04-25,ACTIVE
CU000302,james.jones302@email.com,James,Jones,0478397240,Canberra,RW00000302,2025-02-21,ACTIVE
CU000303,william.garcia303@email.com,William,Garcia,0455538093,Newcastle,RW00000303,2023-02-07,ACTIVE
CU000304,emma.martinez304@email.com,Emma,Martinez,0479097054,Melbourne,RW00000304,2023-07-03,ACTIVE
CU000305,sophia.brown305@email.com,Sophia,Brown,0456366409,Brisbane,RW00000305,2024-07-01,ACTIVE
CU000306,ava.martinez306@email.com,Ava,Martinez,0418100391,Wollongong,RW00000306,2023-05-29,ACTIVE
CU000307,jack.miller307@email.com,Jack,Miller,0480525405,Newcastle,RW00000307,2023-10-25,ACTIVE
CU000308,oliver.rodriguez308@email.com,Oliver,Rodriguez,0495287301,Adelaide,RW00000308,2023-01-22,ACTIVE
CU000309,charlotte.williams309@email.com,Charlotte,Williams,0448722594,Newcastle,RW00000309,2024-09-06,ACTIVE
CU000310,charlotte.davis310@email.com,Charlotte,Davis,0462812394,Adelaide,RW00000310,2024-07-10,ACTIVE
CU000311,william.martinez311@email.com,William,Martinez,0442364557,Adelaide,RW00000311,2023-07-30,ACTIVE
CU000312,sophia.garcia312@email.com,Sophia,Garcia,0442472332,Wollongong,RW00000312,2025-07-10,ACTIVE
CU000313,james.johnson313@email.com,James,Johnson,0463733901,Perth,RW00000313,2023-03-24,ACTIVE
CU000314,isabella.garcia314@email.com,Isabella,Garcia,0456760886,Wollongong,RW00000314,2023-01-30,ACTIVE
CU000315,thomas.rodriguez315@email.com,Thomas,Rodriguez,0422613684,Brisbane,RW00000315,2024-06-10,ACTIVE
CU000316,oliver.miller316@email.com,Oliver,Miller,0454420703,Newcastle,RW00000316,2024-08-17,ACTIVE
CU000317,isabella.rodriguez317@email.com,Isabella,Rodriguez,0444138952,Brisbane,RW00000317,2023-07-07,ACTIVE
CU000318,ava.miller318@email.com,Ava,Miller,0486528610,Newcastle,RW00000318,2025-02-17,ACTIVE
CU000319,emma.smith319@email.com,Emma,Smith,0414801520,Sydney,RW00000319,2023-12-20,ACTIVE
CU000320,oliver.smith320@email.com,Oliver,Smith,0494540162,Sydney,RW00000320,2023-11-27,ACTIVE
CU000321,charlotte.rodriguez321@email.com,Charlotte,Rodriguez,0419564131,Perth,RW00000321,2023-11-14,ACTIVE
CU000322,sophia.brown322@email.com,Sophia,Brown,0439513903,Brisbane,RW00000322,2023-10-06,ACTIVE
CU000323,james.jones323@email.com,James,Jones,0493570886,Newcastle,RW00000323,2023-04-22,ACTIVE
CU000324,charlotte.jones324@email.com,Charlotte,Jones,0483130494,Canberra,RW00000324,2023-06-21,ACTIVE
CU000325,thomas.jones325@email.com,Thomas,Jones,0433146375,Adelaide,RW00000325,2023-06-10,ACTIVE
CU000326,thomas.smith326@email.com,Thomas,Smith,0427596928,Melbourne,RW00000326,2025-08-15,ACTIVE
CU000327,thomas.garcia327@email.com,Thomas,Garcia,0481292233,Perth,RW00000327,2025-01-24,ACTIVE
CU000328,jack.johnson328@email.com,Jack,Johnson,0452995231,Newcastle,RW00000328,2024-11-17,ACTIVE
CU000329,isabella.johnson329@email.com,Isabella,Johnson,0414301778,Canberra,RW00000329,2024-07-30,ACTIVE
CU000330,sophia.brown330@email.com,Sophia,Brown,0467666395,Wollongong,RW00000330,2025-06-29,ACTIVE
CU000331,william.jones331@email.com,William,Jones,0432930973,Perth,RW00000331,2024-09-11,ACTIVE
CU000332,ava.johnson332@email.com,Ava,Johnson,0412966514,Wollongong,RW00000332,2023-01-02,ACTIVE
CU000333,sophia.brown333@email.com,Sophia,Brown,0469633636,Melbourne,RW00000333,2023-10-30,ACTIVE
CU000334,isabella.martinez334@email.com,Isabella,Martinez,0435978039,Canberra,RW00000334,2025-08-03,ACTIVE
CU000335,charlotte.miller335@email.com,Charlotte,Miller,0464774257,Sydney,RW00000335,2025-05-08,ACTIVE
CU000336,james.brown336@email.com,James,Brown,0480961817,Brisbane,RW00000336,2023-10-09,ACTIVE
CU000337,thomas.brown337@email.com,Thomas,Brown,0472685382,Perth,RW00000337,2022-11-02,ACTIVE
CU000338,charlotte.garcia338@email.com,Charlotte,Garcia,0455175932,Brisbane,RW00000338,2023-05-24,ACTIVE
CU000339,sophia.williams339@email.com,Sophia,Williams,0424400697,Melbourne,RW00000339,2023-01-25,ACTIVE
CU000340,sophia.johnson340@email.com,Sophia,Johnson,0483877188,Newcastle,RW00000340,2023-05-22,ACTIVE
CU000341,oliver.davis341@email.com,Oliver,Davis,0420271451,Wollongong,RW00000341,2024-03-16,ACTIVE
CU000342,jack.garcia342@email.com,Jack,Garcia,0455037614,Wollongong,RW00000342,2023-06-26,ACTIVE
CU000343,william.davis343@email.com,William,Davis,0488576217,Perth,RW00000343,2023-05-05,ACTIVE
CU000344,thomas.smith344@email.com,Thomas,Smith,0418000995,Wollongong,RW00000344,2025-02-08,ACTIVE
CU000345,oliver.miller345@email.com,Oliver,Miller,0482132377,Newcastle,RW00000345,2024-06-13,ACTIVE
CU000346,emma.martinez346@email.com,Emma,Martinez,0422884250,Melbourne,RW00000346,2023-09-06,ACTIVE
CU000347,emma.smith347@email.com,Emma,Smith,0488695754,Brisbane,RW00000347,2024-08-08,ACTIVE
CU000348,ava.martinez348@email.com,Ava,Martinez,0496340175,Adelaide,RW00000348,2023-12-11,ACTIVE
CU000349,charlotte.martinez349@email.com,Charlotte,Martinez,0428452809,Brisbane,RW00000349,2023-10-25,ACTIVE
CU000350,jack.davis350@email.com,Jack,Davis,0478235865,Sydney,RW00000350,2025-07-08,ACTIVE
CU000351,william.garcia351@email.com,William,Garcia,0424817600,Adelaide,RW00000351,2024-11-25,ACTIVE
CU000352,oliver.miller352@email.com,Oliver,Miller,0495847186,Sydney,RW00000352,2024-01-22,ACTIVE
CU000353,charlotte.martinez353@email.com,Charlotte,Martinez,0413271322,Canberra,RW00000353,2022-11-25,ACTIVE
CU000354,ava.miller354@email.com,Ava,Miller,0445828413,Canberra,RW00000354,2024-11-25,ACTIVE
CU000355,james.martinez355@email.com,James,Martinez,0436567069,Newcastle,RW00000355,2022-11-10,ACTIVE
CU000356,oliver.johnson356@email.com,Oliver,Johnson,0471766322,Perth,RW00000356,2023-05-20,ACTIVE
CU000357,isabella.johnson357@email.com,Isabella,Johnson,0431194865,Wollongong,RW00000357,2025-04-21,ACTIVE
CU000358,charlotte.johnson358@email.com,Charlotte,Johnson,0477289444,Brisbane,RW00000358,2024-12-30,ACTIVE
CU000359,isabella.rodriguez359@email.com,Isabella,Rodriguez,0421393968,Canberra,RW00000359,2025-03-23,ACTIVE
CU000360,jack.smith360@email.com,Jack,Smith,0467377250,Sydney,RW00000360,2024-05-12,ACTIVE
CU000361,emma.williams361@email.com,Emma,Williams,0493759941,Melbourne,RW00000361,2025-07-29,ACTIVE
CU000362,isabella.smith362@email.com,Isabella,Smith,0418802546,Canberra,RW00000362,2023-05-19,ACTIVE
CU000363,sophia.brown363@email.com,Sophia,Brown,0434039548,Melbourne,RW00000363,2023-10-03,ACTIVE
CU000364,charlotte.martinez364@email.com,Charlotte,Martinez,0468511448,Adelaide,RW00000364,2024-12-01,ACTIVE
CU000365,isabella.garcia365@email.com,Isabella,Garcia,0457361003,Sydney,RW00000365,2025-08-01,ACTIVE
CU000366,james.brown366@email.com,James,Brown,0473165834,Wollongong,RW00000366,2024-12-27,ACTIVE
CU000367,james.garcia367@email.com,James,Garcia,0467801613,Newcastle,RW00000367,2023-06-23,ACTIVE
CU000368,isabella.garcia368@email.com,Isabella,Garcia,0492899959,Wollongong,RW00000368,2022-10-28,ACTIVE
CU000369,oliver.jones369@email.com,Oliver,Jones,0435192859,Sydney,RW00000369,2025-04-22,ACTIVE
CU000370,sophia.jones370@email.com,Sophia,Jones,0462853585,Canberra,RW00000370,2025-03-27,ACTIVE
CU000371,thomas.smith371@email.com,Thomas,Smith,0490404021,Perth,RW00000371,2023-09-08,ACTIVE
CU000372,charlotte.jones372@email.com,Charlotte,Jones,0497986635,Canberra,RW00000372,2024-01-13,ACTIVE
CU000373,charlotte.jones373@email.com,Charlotte,Jones,0488326070,Perth,RW00000373,2025-04-19,ACTIVE
CU000374,emma.williams374@email.com,Emma,Williams,0426040603,Brisbane,RW00000374,2023-05-02,ACTIVE
CU000375,isabella.garcia375@email.com,Isabella,Garcia,0459997101,Newcastle,RW00000375,2024-12-17,ACTIVE
CU000376,thomas.williams376@email.com,Thomas,Williams,0454982074,Brisbane,RW00000376,2025-09-05,ACTIVE
CU000377,ava.williams377@email.com,Ava,Williams,0483160250,Adelaide,RW00000377,2023-09-12,ACTIVE
CU000378,isabella.smith378@email.com,Isabella,Smith,0452982178,Melbourne,RW00000378,2023-08-17,ACTIVE
CU000379,oliver.rodriguez379@email.com,Oliver,Rodriguez,0431515559,Perth,RW00000379,2025-01-23,ACTIVE
CU000380,sophia.rodriguez380@email.com,Sophia,Rodriguez,0459940752,Sydney,RW00000380,2022-12-24,ACTIVE
CU000381,sophia.garcia381@email.com,Sophia,Garcia,0424399378,Canberra,RW00000381,2024-02-01,ACTIVE
CU000382,emma.johnson382@email.com,Emma,Johnson,0442424110,Sydney,RW00000382,2023-10-17,ACTIVE
CU000383,sophia.rodriguez383@email.com,Sophia,Rodriguez,0433019080,Canberra,RW00000383,2023-11-21,ACTIVE
CU000384,charlotte.miller384@email.com,Charlotte,Miller,0470947145,Canberra,RW00000384,2023-08-18,ACTIVE
CU000385,william.jones385@email.com,William,Jones,0493857268,Melbourne,RW00000385,2025-06-25,ACTIVE
CU000386,charlotte.williams386@email.com,Charlotte,Williams,0423696760,Adelaide,RW00000386,2023-04-06,ACTIVE
CU000387,sophia.martinez387@email.com,Sophia,Martinez,0477106049,Brisbane,RW00000387,2024-01-29,ACTIVE
CU000388,james.jones388@email.com,James,Jones,0485133630,Wollongong,RW00000388,2023-07-25,ACTIVE
CU000389,charlotte.smith389@email.com,Charlotte,Smith,0449105344,Perth,RW00000389,2023-01-06,ACTIVE
CU000390,james.garcia390@email.com,James,Garcia,0461854160,Sydney,RW00000390,2023-02-08,ACTIVE
CU000391,charlotte.miller391@email.com,Charlotte,Miller,0499964439,Newcastle,RW00000391,2023-05-21,ACTIVE
CU000392,william.jones392@email.com,William,Jones,0460782519,Newcastle,RW00000392,2024-03-18,ACTIVE
CU000393,james.jones393@email.com,James,Jones,0472167513,Canberra,RW00000393,2025-08-12,ACTIVE
CU000394,thomas.johnson394@email.com,Thomas,Johnson,0458792421,Sydney,RW00000394,2024-12-18,ACTIVE
CU000395,james.johnson395@email.com,James,Johnson,0442229641,Newcastle,RW00000395,2024-09-14,ACTIVE
CU000396,emma.davis396@email.com,Emma,Davis,0430063029,Newcastle,RW00000396,2023-09-29,ACTIVE
CU000397,charlotte.smith397@email.com,Charlotte,Smith,0457178443,Newcastle,RW00000397,2025-01-14,ACTIVE
CU000398,jack.miller398@email.com,Jack,Miller,0416711905,Adelaide,RW00000398,2024-07-02,ACTIVE
CU000399,charlotte.rodriguez399@email.com,Charlotte,Rodriguez,0436412018,Melbourne,RW00000399,2025-04-22,ACTIVE
CU000400,ava.williams400@email.com,Ava,Williams,0495562268,Wollongong,RW00000400,2025-03-06,ACTIVE
CU000401,emma.smith401@email.com,Emma,Smith,0490126365,Melbourne,RW00000401,2025-02-18,ACTIVE
CU000402,william.williams402@email.com,William,Williams,0463855098,Wollongong,RW00000402,2023-05-29,ACTIVE
CU000403,emma.miller403@email.com,Emma,Miller,0493711156,Perth,RW00000403,2024-06-28,ACTIVE
CU000404,jack.garcia404@email.com,Jack,Garcia,0492663147,Perth,RW00000404,2025-07-11,ACTIVE
CU000405,james.rodriguez405@email.com,James,Rodriguez,0494453905,Melbourne,RW00000405,2024-01-12,ACTIVE
CU000406,charlotte.williams406@email.com,Charlotte,Williams,0411376078,Newcastle,RW00000406,2024-08-09,ACTIVE
CU000407,thomas.rodriguez407@email.com,Thomas,Rodriguez,0421860528,Brisbane,RW00000407,2024-11-06,ACTIVE
CU000408,emma.smith408@email.com,Emma,Smith,0473401810,Brisbane,RW00000408,2024-06-03,ACTIVE
CU000409,charlotte.garcia409@email.com,Charlotte,Garcia,0474578811,Sydney,RW00000409,2023-01-04,ACTIVE
CU000410,sophia.rodriguez410@email.com,Sophia,Rodriguez,0419141106,Sydney,RW00000410,2025-03-02,ACTIVE
CU000411,charlotte.miller411@email.com,Charlotte,Miller,0441731834,Perth,RW00000411,2024-03-01,ACTIVE
CU000412,isabella.miller412@email.com,Isabella,Miller,0433312335,Newcastle,RW00000412,2023-10-07,ACTIVE
CU000413,sophia.jones413@email.com,Sophia,Jones,0445785779,Melbourne,RW00000413,2025-08-12,ACTIVE
CU000414,charlotte.martinez414@email.com,Charlotte,Martinez,0412396558,Brisbane,RW00000414,2023-11-27,ACTIVE
CU000415,charlotte.brown415@email.com,Charlotte,Brown,0444212383,Brisbane,RW00000415,2022-11-24,ACTIVE
CU000416,oliver.smith416@email.com,Oliver,Smith,0491622832,Wollongong,RW00000416,2023-03-04,ACTIVE
CU000417,isabella.garcia417@email.com,Isabella,Garcia,0440548826,Adelaide,RW00000417,2024-02-10,ACTIVE
CU000418,charlotte.rodriguez418@email.com,Charlotte,Rodriguez,0440566996,Wollongong,RW00000418,2025-05-15,ACTIVE
CU000419,charlotte.jones419@email.com,Charlotte,Jones,0433791208,Canberra,RW00000419,2025-08-12,ACTIVE
CU000420,emma.jones420@email.com,Emma,Jones,0444199953,Sydney,RW00000420,2025-03-04,ACTIVE
CU000421,sophia.johnson421@email.com,Sophia,Johnson,0481382921,Perth,RW00000421,2023-07-23,ACTIVE
CU000422,charlotte.williams422@email.com,Charlotte,Williams,0482643653,Melbourne,RW00000422,2024-11-28,ACTIVE
CU000423,emma.johnson423@email.com,Emma,Johnson,0447123497,Brisbane,RW00000423,2025-04-12,ACTIVE
CU000424,jack.johnson424@email.com,Jack,Johnson,0444684217,Canberra,RW00000424,2024-02-05,ACTIVE
CU000425,charlotte.johnson425@email.com,Charlotte,Johnson,0435255968,Wollongong,RW00000425,2025-07-26,ACTIVE
CU000426,james.rodriguez426@email.com,James,Rodriguez,0435572020,Adelaide,RW00000426,2023-08-11,ACTIVE
CU000427,thomas.smith427@email.com,Thomas,Smith,0418319402,Brisbane,RW00000427,2023-03-23,ACTIVE
CU000428,oliver.smith428@email.com,Oliver,Smith,0465160999,Sydney,RW00000428,2023-02-08,ACTIVE
CU000429,charlotte.smith429@email.com,Charlotte,Smith,0459176438,Wollongong,RW00000429,2022-12-26,ACTIVE
CU000430,james.davis430@email.com,James,Davis,0488680922,Wollongong,RW00000430,2022-10-30,ACTIVE
CU000431,oliver.miller431@email.com,Oliver,Miller,0458616593,Adelaide,RW00000431,2023-11-05,ACTIVE
CU000432,jack.davis432@email.com,Jack,Davis,0451006917,Sydney,RW00000432,2025-05-13,ACTIVE
CU000433,jack.martinez433@email.com,Jack,Martinez,0495231846,Wollongong,RW00000433,2023-03-10,ACTIVE
CU000434,jack.rodriguez434@email.com,Jack,Rodriguez,0441426185,Wollongong,RW00000434,2024-04-26,ACTIVE
CU000435,william.williams435@email.com,William,Williams,0485507683,Newcastle,RW00000435,2023-09-26,ACTIVE
CU000436,isabella.jones436@email.com,Isabella,Jones,0477429452,Newcastle,RW00000436,2025-04-21,ACTIVE
CU000437,ava.miller437@email.com,Ava,Miller,0430301802,Newcastle,RW00000437,2024-07-19,ACTIVE
CU000438,emma.brown438@email.com,Emma,Brown,0488470573,Newcastle,RW00000438,2024-10-14,ACTIVE
CU000439,isabella.garcia439@email.com,Isabella,Garcia,0456524132,Sydney,RW00000439,2022-10-13,ACTIVE
CU000440,sophia.smith440@email.com,Sophia,Smith,0426922285,Canberra,RW00000440,2023-08-21,ACTIVE
CU000441,charlotte.williams441@email.com,Charlotte,Williams,0439064042,Sydney,RW00000441,2024-04-01,ACTIVE
CU000442,ava.smith442@email.com,Ava,Smith,0479874680,Melbourne,RW00000442,2022-12-26,ACTIVE
CU000443,jack.smith443@email.com,Jack,Smith,0440002325,Brisbane,RW00000443,2023-10-04,ACTIVE
CU000444,emma.garcia444@email.com,Emma,Garcia,0433876577,Perth,RW00000444,2025-04-15,ACTIVE
CU000445,william.martinez445@email.com,William,Martinez,0424513546,Melbourne,RW00000445,2022-10-31,ACTIVE
CU000446,oliver.rodriguez446@email.com,Oliver,Rodriguez,0460708815,Sydney,RW00000446,2024-06-20,ACTIVE
CU000447,oliver.smith447@email.com,Oliver,Smith,0491427404,Newcastle,RW00000447,2023-04-23,ACTIVE
CU000448,james.martinez448@email.com,James,Martinez,0495321298,Newcastle,RW00000448,2023-12-05,ACTIVE
CU000449,isabella.williams449@email.com,Isabella,Williams,0449864139,Brisbane,RW00000449,2025-01-14,ACTIVE
CU000450,james.williams450@email.com,James,Williams,0488116575,Adelaide,RW00000450,2025-03-03,ACTIVE
CU000451,thomas.smith451@email.com,Thomas,Smith,0489123137,Wollongong,RW00000451,2023-11-27,ACTIVE
CU000452,sophia.martinez452@email.com,Sophia,Martinez,0488623755,Adelaide,RW00000452,2025-04-04,ACTIVE
CU000453,jack.jones453@email.com,Jack,Jones,0454101614,Sydney,RW00000453,2023-03-05,ACTIVE
CU000454,james.smith454@email.com,James,Smith,0435790778,Newcastle,RW00000454,2023-09-19,ACTIVE
CU000455,jack.garcia455@email.com,Jack,Garcia,0421343978,Wollongong,RW00000455,2023-01-18,ACTIVE
CU000456,william.rodriguez456@email.com,William,Rodriguez,0413434404,Adelaide,RW00000456,2024-02-24,ACTIVE
CU000457,emma.williams457@email.com,Emma,Williams,0419236491,Brisbane,RW00000457,2024-10-03,ACTIVE
CU000458,sophia.jones458@email.com,Sophia,Jones,0460943174,Canberra,RW00000458,2023-01-27,ACTIVE
CU000459,william.williams459@email.com,William,Williams,0487884666,Brisbane,RW00000459,2024-10-11,ACTIVE
CU000460,thomas.jones460@email.com,Thomas,Jones,0449229499,Brisbane,RW00000460,2025-05-22,ACTIVE
CU000461,jack.smith461@email.com,Jack,Smith,0456783017,Melbourne,RW00000461,2024-11-28,ACTIVE
CU000462,oliver.garcia462@email.com,Oliver,Garcia,0427351059,Adelaide,RW00000462,2025-07-15,ACTIVE
CU000463,emma.davis463@email.com,Emma,Davis,0474921458,Perth,RW00000463,2022-11-25,ACTIVE
CU000464,charlotte.williams464@email.com,Charlotte,Williams,0455641583,Canberra,RW00000464,2022-11-12,ACTIVE
CU000465,william.brown465@email.com,William,Brown,0476068148,Brisbane,RW00000465,2025-01-19,ACTIVE
CU000466,oliver.rodriguez466@email.com,Oliver,Rodriguez,0498976250,Perth,RW00000466,2025-05-10,ACTIVE
CU000467,charlotte.jones467@email.com,Charlotte,Jones,0490801511,Sydney,RW00000467,2023-05-08,ACTIVE
CU000468,james.rodriguez468@email.com,James,Rodriguez,0470975197,Melbourne,RW00000468,2024-09-15,ACTIVE
CU000469,charlotte.rodriguez469@email.com,Charlotte,Rodriguez,0433210468,Brisbane,RW00000469,2024-05-28,ACTIVE
CU000470,william.davis470@email.com,William,Davis,0453903072,Canberra,RW00000470,2024-07-23,ACTIVE
CU000471,charlotte.brown471@email.com,Charlotte,Brown,0425723051,Newcastle,RW00000471,2022-11-07,ACTIVE
CU000472,oliver.smith472@email.com,Oliver,Smith,0419945978,Perth,RW00000472,2024-12-28,ACTIVE
CU000473,isabella.jones473@email.com,Isabella,Jones,0499907533,Perth,RW00000473,2023-03-20,ACTIVE
CU000474,ava.martinez474@email.com,Ava,Martinez,0498641798,Brisbane,RW00000474,2025-03-08,ACTIVE
CU000475,william.williams475@email.com,William,Williams,0482250985,Adelaide,RW00000475,2022-12-25,ACTIVE
CU000476,emma.smith476@email.com,Emma,Smith,0410963036,Canberra,RW00000476,2025-07-11,ACTIVE
CU000477,emma.williams477@email.com,Emma,Williams,0483268251,Adelaide,RW00000477,2022-11-27,ACTIVE
CU000478,sophia.williams478@email.com,Sophia,Williams,0434606098,Adelaide,RW00000478,2025-06-14,ACTIVE
CU000479,thomas.garcia479@email.com,Thomas,Garcia,0431295012,Perth,RW00000479,2025-05-01,ACTIVE
CU000480,isabella.williams480@email.com,Isabella,Williams,0445936414,Perth,RW00000480,2024-09-21,ACTIVE
CU000481,jack.williams481@email.com,Jack,Williams,0410977798,Melbourne,RW00000481,2024-10-21,ACTIVE
CU000482,james.johnson482@email.com,James,Johnson,0482549929,Adelaide,RW00000482,2024-01-11,ACTIVE
CU000483,emma.rodriguez483@email.com,Emma,Rodriguez,0450414943,Adelaide,RW00000483,2023-07-12,ACTIVE
CU000484,sophia.garcia484@email.com,Sophia,Garcia,0423038405,Melbourne,RW00000484,2024-02-18,ACTIVE
CU000485,ava.williams485@email.com,Ava,Williams,0412988316,Wollongong,RW00000485,2023-08-27,ACTIVE
CU000486,charlotte.johnson486@email.com,Charlotte,Johnson,0448058552,Perth,RW00000486,2023-03-24,ACTIVE
CU000487,oliver.miller487@email.com,Oliver,Miller,0481780449,Perth,RW00000487,2024-12-25,ACTIVE
CU000488,william.rodriguez488@email.com,William,Rodriguez,0410755235,Adelaide,RW00000488,2023-10-30,ACTIVE
CU000489,jack.jones489@email.com,Jack,Jones,0419602499,Brisbane,RW00000489,2025-04-26,ACTIVE
CU000490,thomas.jones490@email.com,Thomas,Jones,0456409236,Canberra,RW00000490,2024-06-29,ACTIVE
CU000491,jack.johnson491@email.com,Jack,Johnson,0422823834,Brisbane,RW00000491,2022-10-29,ACTIVE
CU000492,emma.rodriguez492@email.com,Emma,Rodriguez,0498699912,Perth,RW00000492,2023-02-17,ACTIVE
CU000493,charlotte.davis493@email.com,Charlotte,Davis,0451696605,Melbourne,RW00000493,2024-07-25,ACTIVE
CU000494,james.rodriguez494@email.com,James,Rodriguez,0444087265,Newcastle,RW00000494,2024-11-17,ACTIVE
CU000495,ava.smith495@email.com,Ava,Smith,0411031447,Melbourne,RW00000495,2025-06-02,ACTIVE
CU000496,isabella.jones496@email.com,Isabella,Jones,0469978593,Canberra,RW00000496,2023-11-05,ACTIVE
CU000497,oliver.garcia497@email.com,Oliver,Garcia,0481421125,Adelaide,RW00000497,2023-10-29,ACTIVE
CU000498,isabella.williams498@email.com,Isabella,Williams,0493317833,Newcastle,RW00000498,2022-11-24,ACTIVE
CU000499,william.martinez499@email.com,William,Martinez,0471404702,Wollongong,RW00000499,2023-06-24,ACTIVE
CU000500,jack.martinez500@email.com,Jack,Martinez,0463956491,Brisbane,RW00000500,2024-12-16,ACTIVE
CU000501,james.jones501@email.com,James,Jones,0479439705,Newcastle,RW00000501,2025-03-12,ACTIVE
CU000502,thomas.johnson502@email.com,Thomas,Johnson,0436127924,Newcastle,RW00000502,2025-08-10,ACTIVE
CU000503,isabella.brown503@email.com,Isabella,Brown,0426336481,Adelaide,RW00000503,2024-03-04,ACTIVE
CU000504,sophia.davis504@email.com,Sophia,Davis,0479927773,Melbourne,RW00000504,2024-06-26,ACTIVE
CU000505,thomas.garcia505@email.com,Thomas,Garcia,0471226321,Wollongong,RW00000505,2025-02-24,ACTIVE
CU000506,charlotte.brown506@email.com,Charlotte,Brown,0465967847,Perth,RW00000506,2023-01-11,ACTIVE
CU000507,william.smith507@email.com,William,Smith,0447794415,Wollongong,RW00000507,2025-01-14,ACTIVE
CU000508,ava.garcia508@email.com,Ava,Garcia,0499185470,Sydney,RW00000508,2024-12-17,ACTIVE
CU000509,ava.miller509@email.com,Ava,Miller,0470640443,Adelaide,RW00000509,2024-11-27,ACTIVE
CU000510,william.smith510@email.com,William,Smith,0441818024,Melbourne,RW00000510,2023-06-03,ACTIVE
CU000511,ava.smith511@email.com,Ava,Smith,0472295309,Newcastle,RW00000511,2025-01-10,ACTIVE
CU000512,jack.martinez512@email.com,Jack,Martinez,0479329811,Melbourne,RW00000512,2024-03-21,ACTIVE
CU000513,emma.miller513@email.com,Emma,Miller,0453888545,Canberra,RW00000513,2025-02-20,ACTIVE
CU000514,thomas.rodriguez514@email.com,Thomas,Rodriguez,0492833974,Perth,RW00000514,2024-11-10,ACTIVE
CU000515,james.miller515@email.com,James,Miller,0430977022,Wollongong,RW00000515,2024-10-14,ACTIVE
CU000516,isabella.garcia516@email.com,Isabella,Garcia,0466875936,Canberra,RW00000516,2023-02-25,ACTIVE
CU000517,sophia.smith517@email.com,Sophia,Smith,0425129281,Canberra,RW00000517,2023-08-04,ACTIVE
CU000518,isabella.johnson518@email.com,Isabella,Johnson,0455006990,Canberra,RW00000518,2023-07-09,ACTIVE
CU000519,charlotte.martinez519@email.com,Charlotte,Martinez,0498973118,Melbourne,RW00000519,2023-10-04,ACTIVE
CU000520,thomas.williams520@email.com,Thomas,Williams,0458420200,Wollongong,RW00000520,2023-03-26,ACTIVE
CU000521,emma.martinez521@email.com,Emma,Martinez,0474896816,Wollongong,RW00000521,2025-03-22,ACTIVE
CU000522,ava.garcia522@email.com,Ava,Garcia,0434236798,Newcastle,RW00000522,2023-06-05,ACTIVE
CU000523,emma.smith523@email.com,Emma,Smith,0493929507,Sydney,RW00000523,2025-05-09,ACTIVE
CU000524,charlotte.johnson524@email.com,Charlotte,Johnson,0463076013,Sydney,RW00000524,2023-06-01,ACTIVE
CU000525,james.rodriguez525@email.com,James,Rodriguez,0412218691,Canberra,RW00000525,2024-10-25,ACTIVE
CU000526,jack.brown526@email.com,Jack,Brown,0417449184,Newcastle,RW00000526,2023-10-09,ACTIVE
CU000527,james.miller527@email.com,James,Miller,0478497941,Wollongong,RW00000527,2022-11-23,ACTIVE
CU000528,ava.garcia528@email.com,Ava,Garcia,0428686169,Sydney,RW00000528,2024-05-31,ACTIVE
CU000529,isabella.rodriguez529@email.com,Isabella,Rodriguez,0425097082,Wollongong,RW00000529,2025-06-10,ACTIVE
CU000530,sophia.davis530@email.com,Sophia,Davis,0478559080,Brisbane,RW00000530,2024-02-25,ACTIVE
CU000531,ava.smith531@email.com,Ava,Smith,0495037096,Sydney,RW00000531,2025-06-22,ACTIVE
CU000532,emma.garcia532@email.com,Emma,Garcia,0458108527,Adelaide,RW00000532,2023-07-31,ACTIVE
CU000533,william.williams533@email.com,William,Williams,0463744741,Wollongong,RW00000533,2024-06-07,ACTIVE
CU000534,william.jones534@email.com,William,Jones,0436887710,Brisbane,RW00000534,2025-06-10,ACTIVE
CU000535,emma.rodriguez535@email.com,Emma,Rodriguez,0467319320,Adelaide,RW00000535,2024-12-19,ACTIVE
CU000536,oliver.miller536@email.com,Oliver,Miller,0477688309,Sydney,RW00000536,2024-11-29,ACTIVE
CU000537,isabella.brown537@email.com,Isabella,Brown,0460851659,Canberra,RW00000537,2025-06-13,ACTIVE
CU000538,ava.garcia538@email.com,Ava,Garcia,0449606434,Perth,RW00000538,2025-06-16,ACTIVE
CU000539,oliver.smith539@email.com,Oliver,Smith,0463649222,Adelaide,RW00000539,2023-11-29,ACTIVE
CU000540,oliver.rodriguez540@email.com,Oliver,Rodriguez,0412535454,Canberra,RW00000540,2023-02-20,ACTIVE
CU000541,sophia.jones541@email.com,Sophia,Jones,0463134346,Adelaide,RW00000541,2023-05-13,ACTIVE
CU000542,emma.garcia542@email.com,Emma,Garcia,0461372723,Melbourne,RW00000542,2023-12-04,ACTIVE
CU000543,sophia.rodriguez543@email.com,Sophia,Rodriguez,0421380136,Perth,RW00000543,2025-09-01,ACTIVE
CU000544,oliver.johnson544@email.com,Oliver,Johnson,0463021959,Sydney,RW00000544,2023-02-06,ACTIVE
CU000545,emma.smith545@email.com,Emma,Smith,0422564951,Wollongong,RW00000545,2023-04-17,ACTIVE
CU000546,thomas.garcia546@email.com,Thomas,Garcia,0475617781,Newcastle,RW00000546,2024-12-17,ACTIVE
CU000547,ava.brown547@email.com,Ava,Brown,0410685448,Newcastle,RW00000547,2023-09-16,ACTIVE
CU000548,isabella.smith548@email.com,Isabella,Smith,0457141578,Adelaide,RW00000548,2023-11-21,ACTIVE
CU000549,emma.brown549@email.com,Emma,Brown,0435036351,Adelaide,RW00000549,2023-03-11,ACTIVE
CU000550,william.martinez550@email.com,William,Martinez,0444455078,Perth,RW00000550,2023-07-13,ACTIVE
CU000551,jack.brown551@email.com,Jack,Brown,0462028510,Perth,RW00000551,2025-03-09,ACTIVE
CU000552,william.martinez552@email.com,William,Martinez,0497948233,Newcastle,RW00000552,2025-08-23,ACTIVE
CU000553,james.brown553@email.com,James,Brown,0440706103,Wollongong,RW00000553,2023-10-20,ACTIVE
CU000554,jack.martinez554@email.com,Jack,Martinez,0451746386,Melbourne,RW00000554,2024-12-26,ACTIVE
CU000555,james.miller555@email.com,James,Miller,0452719691,Brisbane,RW00000555,2025-08-26,ACTIVE
CU000556,isabella.jones556@email.com,Isabella,Jones,0415174445,Sydney,RW00000556,2023-06-06,ACTIVE
CU000557,isabella.miller557@email.com,Isabella,Miller,0447781915,Perth,RW00000557,2024-05-16,ACTIVE
CU000558,oliver.rodriguez558@email.com,Oliver,Rodriguez,0456971419,Wollongong,RW00000558,2023-05-06,ACTIVE
CU000559,ava.rodriguez559@email.com,Ava,Rodriguez,0438353471,Perth,RW00000559,2025-02-23,ACTIVE
CU000560,thomas.garcia560@email.com,Thomas,Garcia,0430476554,Sydney,RW00000560,2023-03-10,ACTIVE
CU000561,charlotte.rodriguez561@email.com,Charlotte,Rodriguez,0493021302,Sydney,RW00000561,2022-12-10,ACTIVE
CU000562,thomas.martinez562@email.com,Thomas,Martinez,0452268395,Canberra,RW00000562,2022-10-22,ACTIVE
CU000563,ava.williams563@email.com,Ava,Williams,0447007759,Canberra,RW00000563,2025-05-21,ACTIVE
CU000564,charlotte.martinez564@email.com,Charlotte,Martinez,0492617090,Canberra,RW00000564,2024-12-15,ACTIVE
CU000565,sophia.brown565@email.com,Sophia,Brown,0471212041,Newcastle,RW00000565,2025-04-08,ACTIVE
CU000566,thomas.smith566@email.com,Thomas,Smith,0464900518,Adelaide,RW00000566,2023-06-16,ACTIVE
CU000567,emma.davis567@email.com,Emma,Davis,0458363058,Sydney,RW00000567,2023-08-14,ACTIVE
CU000568,james.rodriguez568@email.com,James,Rodriguez,0417301274,Brisbane,RW00000568,2022-10-26,ACTIVE
CU000569,oliver.davis569@email.com,Oliver,Davis,0437227412,Melbourne,RW00000569,2023-02-22,ACTIVE
CU000570,sophia.garcia570@email.com,Sophia,Garcia,0418780282,Canberra,RW00000570,2025-08-29,ACTIVE
CU000571,thomas.rodriguez571@email.com,Thomas,Rodriguez,0412382312,Perth,RW00000571,2023-05-30,ACTIVE
CU000572,jack.brown572@email.com,Jack,Brown,0418117506,Newcastle,RW00000572,2022-10-17,ACTIVE
CU000573,oliver.martinez573@email.com,Oliver,Martinez,0456518709,Wollongong,RW00000573,2025-07-01,ACTIVE
CU000574,emma.smith574@email.com,Emma,Smith,0415709616,Canberra,RW00000574,2025-08-18,ACTIVE
CU000575,emma.davis575@email.com,Emma,Davis,0443755023,Canberra,RW00000575,2024-04-06,ACTIVE
CU000576,james.jones576@email.com,James,Jones,0421167765,Sydney,RW00000576,2025-07-25,ACTIVE
CU000577,jack.brown577@email.com,Jack,Brown,0474034050,Sydney,RW00000577,2024-07-26,ACTIVE
CU000578,charlotte.miller578@email.com,Charlotte,Miller,0412789141,Adelaide,RW00000578,2025-02-11,ACTIVE
CU000579,ava.jones579@email.com,Ava,Jones,0462803882,Wollongong,RW00000579,2022-10-10,ACTIVE
CU000580,charlotte.miller580@email.com,Charlotte,Miller,0411801998,Sydney,RW00000580,2024-04-09,ACTIVE
CU000581,william.martinez581@email.com,William,Martinez,0437402066,Perth,RW00000581,2024-10-25,ACTIVE
CU000582,charlotte.rodriguez582@email.com,Charlotte,Rodriguez,0488258084,Perth,RW00000582,2025-07-20,ACTIVE
CU000583,james.davis583@email.com,James,Davis,0487965691,Newcastle,RW00000583,2024-06-19,ACTIVE
CU000584,thomas.garcia584@email.com,Thomas,Garcia,0441451548,Wollongong,RW00000584,2024-08-01,ACTIVE
CU000585,sophia.williams585@email.com,Sophia,Williams,0455328552,Adelaide,RW00000585,2023-11-04,ACTIVE
CU000586,oliver.williams586@email.com,Oliver,Williams,0456691453,Canberra,RW00000586,2024-11-24,ACTIVE
CU000587,ava.jones587@email.com,Ava,Jones,0433667633,Melbourne,RW00000587,2023-09-18,ACTIVE
CU000588,jack.garcia588@email.com,Jack,Garcia,0440767352,Brisbane,RW00000588,2025-07-13,ACTIVE
CU000589,jack.jones589@email.com,Jack,Jones,0431483456,Perth,RW00000589,2023-10-12,ACTIVE
CU000590,thomas.smith590@email.com,Thomas,Smith,0489582292,Adelaide,RW00000590,2023-11-16,ACTIVE
CU000591,ava.brown591@email.com,Ava,Brown,0468571810,Melbourne,RW00000591,2025-05-07,ACTIVE
CU000592,james.miller592@email.com,James,Miller,0415859195,Sydney,RW00000592,2023-05-03,ACTIVE
CU000593,charlotte.miller593@email.com,Charlotte,Miller,0454303677,Sydney,RW00000593,2025-02-04,ACTIVE
CU000594,sophia.rodriguez594@email.com,Sophia,Rodriguez,0495206826,Melbourne,RW00000594,2024-02-24,ACTIVE
CU000595,jack.davis595@email.com,Jack,Davis,0465843677,Perth,RW00000595,2024-08-04,ACTIVE
CU000596,emma.garcia596@email.com,Emma,Garcia,0465508177,Adelaide,RW00000596,2024-07-18,ACTIVE
CU000597,james.rodriguez597@email.com,James,Rodriguez,0468003299,Perth,RW00000597,2024-06-02,ACTIVE
CU000598,charlotte.garcia598@email.com,Charlotte,Garcia,0499966027,Perth,RW00000598,2024-10-18,ACTIVE
CU000599,william.williams599@email.com,William,Williams,0475291165,Sydney,RW00000599,2022-11-13,ACTIVE
CU000600,emma.davis600@email.com,Emma,Davis,0491768472,Wollongong,RW00000600,2023-01-31,ACTIVE
CU000601,ava.brown601@email.com,Ava,Brown,0460987890,Brisbane,RW00000601,2024-08-05,ACTIVE
CU000602,emma.brown602@email.com,Emma,Brown,0456649613,Sydney,RW00000602,2025-03-13,ACTIVE
CU000603,james.miller603@email.com,James,Miller,0454698021,Melbourne,RW00000603,2024-08-12,ACTIVE
CU000604,isabella.jones604@email.com,Isabella,Jones,0434253540,Brisbane,RW00000604,2023-05-15,ACTIVE
CU000605,emma.brown605@email.com,Emma,Brown,0447860739,Adelaide,RW00000605,2023-02-21,ACTIVE
CU000606,charlotte.rodriguez606@email.com,Charlotte,Rodriguez,0495933890,Perth,RW00000606,2024-01-06,ACTIVE
CU000607,isabella.garcia607@email.com,Isabella,Garcia,0440068915,Adelaide,RW00000607,2024-11-29,ACTIVE
CU000608,emma.jones608@email.com,Emma,Jones,0452061630,Adelaide,RW00000608,2022-12-30,ACTIVE
CU000609,emma.davis609@email.com,Emma,Davis,0482978814,Canberra,RW00000609,2023-02-06,ACTIVE
CU000610,ava.brown610@email.com,Ava,Brown,0471031819,Canberra,RW00000610,2024-08-08,ACTIVE
CU000611,ava.brown611@email.com,Ava,Brown,0432709696,Adelaide,RW00000611,2023-08-30,ACTIVE
CU000612,ava.brown612@email.com,Ava,Brown,0414058472,Canberra,RW00000612,2023-08-01,ACTIVE
CU000613,oliver.rodriguez613@email.com,Oliver,Rodriguez,0417786724,Brisbane,RW00000613,2023-03-18,ACTIVE
CU000614,james.garcia614@email.com,James,Garcia,0465202768,Newcastle,RW00000614,2024-07-12,ACTIVE
CU000615,emma.smith615@email.com,Emma,Smith,0416476734,Perth,RW00000615,2023-04-09,ACTIVE
CU000616,oliver.brown616@email.com,Oliver,Brown,0423360581,Wollongong,RW00000616,2024-08-23,ACTIVE
CU000617,thomas.miller617@email.com,Thomas,Miller,0419020555,Brisbane,RW00000617,2023-12-19,ACTIVE
CU000618,isabella.martinez618@email.com,Isabella,Martinez,0475005010,Adelaide,RW00000618,2024-03-03,ACTIVE
CU000619,thomas.williams619@email.com,Thomas,Williams,0418175559,Sydney,RW00000619,2024-02-11,ACTIVE
CU000620,jack.williams620@email.com,Jack,Williams,0433936743,Sydney,RW00000620,2024-02-16,ACTIVE
CU000621,oliver.jones621@email.com,Oliver,Jones,0443734585,Brisbane,RW00000621,2023-03-31,ACTIVE
CU000622,charlotte.davis622@email.com,Charlotte,Davis,0473368772,Wollongong,RW00000622,2024-08-31,ACTIVE
CU000623,james.johnson623@email.com,James,Johnson,0434704602,Newcastle,RW00000623,2025-04-18,ACTIVE
CU000624,william.smith624@email.com,William,Smith,0447343518,Sydney,RW00000624,2023-04-28,ACTIVE
CU000625,emma.garcia625@email.com,Emma,Garcia,0421158096,Wollongong,RW00000625,2024-03-18,ACTIVE
CU000626,sophia.brown626@email.com,Sophia,Brown,0450825944,Newcastle,RW00000626,2025-08-04,ACTIVE
CU000627,jack.martinez627@email.com,Jack,Martinez,0436953369,Wollongong,RW00000627,2023-10-03,ACTIVE
CU000628,james.garcia628@email.com,James,Garcia,0493392372,Brisbane,RW00000628,2023-02-02,ACTIVE
CU000629,emma.jones629@email.com,Emma,Jones,0466522104,Brisbane,RW00000629,2024-01-20,ACTIVE
CU000630,isabella.garcia630@email.com,Isabella,Garcia,0494748495,Melbourne,RW00000630,2023-07-26,ACTIVE
CU000631,sophia.garcia631@email.com,Sophia,Garcia,0411201306,Adelaide,RW00000631,2025-06-07,ACTIVE
CU000632,isabella.miller632@email.com,Isabella,Miller,0412597183,Wollongong,RW00000632,2023-02-15,ACTIVE
CU000633,sophia.garcia633@email.com,Sophia,Garcia,0416376332,Newcastle,RW00000633,2024-03-09,ACTIVE
CU000634,oliver.smith634@email.com,Oliver,Smith,0450011499,Adelaide,RW00000634,2024-03-20,ACTIVE
CU000635,emma.brown635@email.com,Emma,Brown,0419830555,Wollongong,RW00000635,2022-12-02,ACTIVE
CU000636,james.martinez636@email.com,James,Martinez,0475830941,Sydney,RW00000636,2024-11-21,ACTIVE
CU000637,james.miller637@email.com,James,Miller,0438815175,Wollongong,RW00000637,2024-08-23,ACTIVE
CU000638,oliver.miller638@email.com,Oliver,Miller,0497133780,Wollongong,RW00000638,2024-02-20,ACTIVE
CU000639,james.davis639@email.com,James,Davis,0446092117,Perth,RW00000639,2025-08-24,ACTIVE
CU000640,thomas.davis640@email.com,Thomas,Davis,0484482532,Perth,RW00000640,2023-11-15,ACTIVE
CU000641,jack.brown641@email.com,Jack,Brown,0483112000,Melbourne,RW00000641,2024-03-04,ACTIVE
CU000642,charlotte.jones642@email.com,Charlotte,Jones,0422168528,Perth,RW00000642,2025-07-13,ACTIVE
CU000643,charlotte.jones643@email.com,Charlotte,Jones,0424518715,Sydney,RW00000643,2023-01-28,ACTIVE
CU000644,ava.miller644@email.com,Ava,Miller,0438838367,Perth,RW00000644,2024-02-04,ACTIVE
CU000645,william.johnson645@email.com,William,Johnson,0422375523,Canberra,RW00000645,2024-11-18,ACTIVE
CU000646,charlotte.brown646@email.com,Charlotte,Brown,0422399067,Canberra,RW00000646,2025-06-26,ACTIVE
CU000647,jack.brown647@email.com,Jack,Brown,0486738593,Wollongong,RW00000647,2025-02-16,ACTIVE
CU000648,oliver.rodriguez648@email.com,Oliver,Rodriguez,0473532321,Adelaide,RW00000648,2024-03-14,ACTIVE
CU000649,thomas.williams649@email.com,Thomas,Williams,0499576252,Melbourne,RW00000649,2024-03-13,ACTIVE
CU000650,william.smith650@email.com,William,Smith,0446680374,Wollongong,RW00000650,2025-06-30,ACTIVE
CU000651,jack.garcia651@email.com,Jack,Garcia,0421476020,Wollongong,RW00000651,2025-06-23,ACTIVE
CU000652,charlotte.johnson652@email.com,Charlotte,Johnson,0477474185,Brisbane,RW00000652,2023-10-27,ACTIVE
CU000653,oliver.rodriguez653@email.com,Oliver,Rodriguez,0459754869,Wollongong,RW00000653,2025-01-03,ACTIVE
CU000654,emma.garcia654@email.com,Emma,Garcia,0437142242,Brisbane,RW00000654,2024-06-21,ACTIVE
CU000655,james.williams655@email.com,James,Williams,0420779231,Wollongong,RW00000655,2025-01-20,ACTIVE
CU000656,thomas.garcia656@email.com,Thomas,Garcia,0477378210,Newcastle,RW00000656,2024-07-30,ACTIVE
CU000657,thomas.johnson657@email.com,Thomas,Johnson,0495702985,Adelaide,RW00000657,2022-12-02,ACTIVE
CU000658,james.johnson658@email.com,James,Johnson,0412562493,Melbourne,RW00000658,2025-01-11,ACTIVE
CU000659,william.johnson659@email.com,William,Johnson,0499129861,Adelaide,RW00000659,2025-03-13,ACTIVE
CU000660,emma.miller660@email.com,Emma,Miller,0460807226,Adelaide,RW00000660,2023-10-23,ACTIVE
CU000661,ava.smith661@email.com,Ava,Smith,0445041613,Perth,RW00000661,2024-03-21,ACTIVE
CU000662,james.rodriguez662@email.com,James,Rodriguez,0443901126,Sydney,RW00000662,2023-02-27,ACTIVE
CU000663,isabella.rodriguez663@email.com,Isabella,Rodriguez,0498241185,Sydney,RW00000663,2023-05-30,ACTIVE
CU000664,oliver.martinez664@email.com,Oliver,Martinez,0463397863,Sydney,RW00000664,2025-02-18,ACTIVE
CU000665,jack.miller665@email.com,Jack,Miller,0414088277,Newcastle,RW00000665,2022-12-08,ACTIVE
CU000666,oliver.williams666@email.com,Oliver,Williams,0414717856,Sydney,RW00000666,2025-01-22,ACTIVE
CU000667,james.johnson667@email.com,James,Johnson,0497997865,Adelaide,RW00000667,2024-01-23,ACTIVE
CU000668,james.jones668@email.com,James,Jones,0442431260,Sydney,RW00000668,2024-07-03,ACTIVE
CU000669,oliver.miller669@email.com,Oliver,Miller,0485573541,Newcastle,RW00000669,2023-09-01,ACTIVE
CU000670,oliver.johnson670@email.com,Oliver,Johnson,0438713895,Brisbane,RW00000670,2024-10-02,ACTIVE
CU000671,sophia.johnson671@email.com,Sophia,Johnson,0491503337,Sydney,RW00000671,2023-04-14,ACTIVE
CU000672,oliver.miller672@email.com,Oliver,Miller,0470762275,Sydney,RW00000672,2025-03-27,ACTIVE
CU000673,james.jones673@email.com,James,Jones,0416708720,Perth,RW00000673,2023-02-14,ACTIVE
CU000674,james.rodriguez674@email.com,James,Rodriguez,0457715836,Perth,RW00000674,2023-02-19,ACTIVE
CU000675,oliver.davis675@email.com,Oliver,Davis,0428543076,Perth,RW00000675,2025-07-28,ACTIVE
CU000676,william.miller676@email.com,William,Miller,0467909718,Canberra,RW00000676,2025-01-18,ACTIVE
CU000677,emma.williams677@email.com,Emma,Williams,0492309154,Newcastle,RW00000677,2024-04-15,ACTIVE
CU000678,charlotte.rodriguez678@email.com,Charlotte,Rodriguez,0442289446,Brisbane,RW00000678,2024-08-02,ACTIVE
CU000679,james.jones679@email.com,James,Jones,0426910729,Newcastle,RW00000679,2024-03-14,ACTIVE
CU000680,ava.johnson680@email.com,Ava,Johnson,0421772864,Melbourne,RW00000680,2023-05-01,ACTIVE
CU000681,william.garcia681@email.com,William,Garcia,0410956060,Brisbane,RW00000681,2024-04-11,ACTIVE
CU000682,thomas.brown682@email.com,Thomas,Brown,0473669582,Melbourne,RW00000682,2025-08-02,ACTIVE
CU000683,jack.smith683@email.com,Jack,Smith,0463592834,Brisbane,RW00000683,2024-07-26,ACTIVE
CU000684,ava.jones684@email.com,Ava,Jones,0460489838,Adelaide,RW00000684,2023-05-06,ACTIVE
CU000685,isabella.davis685@email.com,Isabella,Davis,0497464618,Adelaide,RW00000685,2023-09-10,ACTIVE
CU000686,emma.miller686@email.com,Emma,Miller,0423562186,Brisbane,RW00000686,2022-10-17,ACTIVE
CU000687,isabella.johnson687@email.com,Isabella,Johnson,0429262830,Melbourne,RW00000687,2023-07-11,ACTIVE
CU000688,oliver.davis688@email.com,Oliver,Davis,0426255472,Newcastle,RW00000688,2025-02-24,ACTIVE
CU000689,jack.jones689@email.com,Jack,Jones,0432672184,Brisbane,RW00000689,2024-02-05,ACTIVE
CU000690,ava.rodriguez690@email.com,Ava,Rodriguez,0497850479,Canberra,RW00000690,2025-03-21,ACTIVE
CU000691,emma.smith691@email.com,Emma,Smith,0442852250,Melbourne,RW00000691,2024-06-13,ACTIVE
CU000692,james.jones692@email.com,James,Jones,0447588795,Melbourne,RW00000692,2024-08-12,ACTIVE
CU000693,isabella.johnson693@email.com,Isabella,Johnson,0447866702,Brisbane,RW00000693,2025-07-09,ACTIVE
CU000694,charlotte.brown694@email.com,Charlotte,Brown,0490667544,Adelaide,RW00000694,2024-03-19,ACTIVE
CU000695,sophia.rodriguez695@email.com,Sophia,Rodriguez,0428045412,Sydney,RW00000695,2024-10-07,ACTIVE
CU000696,isabella.davis696@email.com,Isabella,Davis,0421611074,Sydney,RW00000696,2022-10-11,ACTIVE
CU000697,sophia.rodriguez697@email.com,Sophia,Rodriguez,0455262578,Melbourne,RW00000697,2024-01-30,ACTIVE
CU000698,charlotte.smith698@email.com,Charlotte,Smith,0410960388,Adelaide,RW00000698,2024-05-05,ACTIVE
CU000699,emma.brown699@email.com,Emma,Brown,0457443920,Canberra,RW00000699,2025-06-25,ACTIVE
CU000700,ava.rodriguez700@email.com,Ava,Rodriguez,0431682890,Newcastle,RW00000700,2024-07-27,ACTIVE
CU000701,sophia.smith701@email.com,Sophia,Smith,0458131656,Canberra,RW00000701,2023-01-18,ACTIVE
CU000702,thomas.johnson702@email.com,Thomas,Johnson,0468262744,Canberra,RW00000702,2024-03-24,ACTIVE
CU000703,oliver.miller703@email.com,Oliver,Miller,0494078715,Wollongong,RW00000703,2024-05-21,ACTIVE
CU000704,william.williams704@email.com,William,Williams,0482927540,Wollongong,RW00000704,2023-11-25,ACTIVE
CU000705,isabella.brown705@email.com,Isabella,Brown,0490225087,Sydney,RW00000705,2025-04-04,ACTIVE
CU000706,thomas.williams706@email.com,Thomas,Williams,0415498651,Perth,RW00000706,2025-06-10,ACTIVE
CU000707,ava.miller707@email.com,Ava,Miller,0487614404,Brisbane,RW00000707,2024-07-12,ACTIVE
CU000708,thomas.rodriguez708@email.com,Thomas,Rodriguez,0483196352,Brisbane,RW00000708,2023-01-28,ACTIVE
CU000709,emma.garcia709@email.com,Emma,Garcia,0436315089,Newcastle,RW00000709,2025-06-11,ACTIVE
CU000710,william.brown710@email.com,William,Brown,0440828129,Melbourne,RW00000710,2024-09-06,ACTIVE
CU000711,charlotte.williams711@email.com,Charlotte,Williams,0440503105,Adelaide,RW00000711,2025-04-12,ACTIVE
CU000712,sophia.smith712@email.com,Sophia,Smith,0457225672,Wollongong,RW00000712,2024-05-29,ACTIVE
CU000713,jack.williams713@email.com,Jack,Williams,0422537730,Canberra,RW00000713,2025-08-03,ACTIVE
CU000714,charlotte.smith714@email.com,Charlotte,Smith,0472381194,Sydney,RW00000714,2023-08-01,ACTIVE
CU000715,ava.miller715@email.com,Ava,Miller,0493698339,Adelaide,RW00000715,2022-11-07,ACTIVE
CU000716,emma.martinez716@email.com,Emma,Martinez,0442904575,Adelaide,RW00000716,2022-11-01,ACTIVE
CU000717,sophia.smith717@email.com,Sophia,Smith,0498225200,Sydney,RW00000717,2025-05-14,ACTIVE
CU000718,emma.jones718@email.com,Emma,Jones,0464409002,Newcastle,RW00000718,2024-10-08,ACTIVE
CU000719,oliver.martinez719@email.com,Oliver,Martinez,0460290786,Canberra,RW00000719,2025-01-07,ACTIVE
CU000720,sophia.martinez720@email.com,Sophia,Martinez,0417866693,Wollongong,RW00000720,2025-02-27,ACTIVE
CU000721,sophia.garcia721@email.com,Sophia,Garcia,0496862733,Canberra,RW00000721,2023-02-27,ACTIVE
CU000722,james.johnson722@email.com,James,Johnson,0463642522,Newcastle,RW00000722,2025-05-12,ACTIVE
CU000723,sophia.miller723@email.com,Sophia,Miller,0466673781,Brisbane,RW00000723,2022-11-24,ACTIVE
CU000724,william.davis724@email.com,William,Davis,0437894157,Melbourne,RW00000724,2024-11-16,ACTIVE
CU000725,emma.rodriguez725@email.com,Emma,Rodriguez,0432041346,Newcastle,RW00000725,2024-12-28,ACTIVE
CU000726,emma.smith726@email.com,Emma,Smith,0448694498,Canberra,RW00000726,2024-05-29,ACTIVE
CU000727,isabella.brown727@email.com,Isabella,Brown,0466420102,Canberra,RW00000727,2025-07-14,ACTIVE
CU000728,ava.rodriguez728@email.com,Ava,Rodriguez,0442508903,Canberra,RW00000728,2023-06-22,ACTIVE
CU000729,ava.jones729@email.com,Ava,Jones,0486627679,Perth,RW00000729,2023-08-31,ACTIVE
CU000730,sophia.rodriguez730@email.com,Sophia,Rodriguez,0432714312,Wollongong,RW00000730,2023-03-27,ACTIVE
CU000731,emma.garcia731@email.com,Emma,Garcia,0426190017,Melbourne,RW00000731,2024-11-24,ACTIVE
CU000732,william.brown732@email.com,William,Brown,0456401699,Melbourne,RW00000732,2022-12-08,ACTIVE
CU000733,ava.miller733@email.com,Ava,Miller,0459678962,Canberra,RW00000733,2023-04-30,ACTIVE
CU000734,james.davis734@email.com,James,Davis,0480255352,Sydney,RW00000734,2024-08-09,ACTIVE
CU000735,ava.miller735@email.com,Ava,Miller,0481315773,Canberra,RW00000735,2024-02-19,ACTIVE
CU000736,jack.smith736@email.com,Jack,Smith,0496375689,Perth,RW00000736,2025-08-23,ACTIVE
CU000737,thomas.williams737@email.com,Thomas,Williams,0479513331,Sydney,RW00000737,2025-09-04,ACTIVE
CU000738,charlotte.martinez738@email.com,Charlotte,Martinez,0479021539,Canberra,RW00000738,2023-05-13,ACTIVE
CU000739,emma.jones739@email.com,Emma,Jones,0461587204,Canberra,RW00000739,2024-01-02,ACTIVE
CU000740,charlotte.miller740@email.com,Charlotte,Miller,0438312404,Adelaide,RW00000740,2024-07-07,ACTIVE
CU000741,emma.brown741@email.com,Emma,Brown,0470796055,Perth,RW00000741,2023-07-04,ACTIVE
CU000742,ava.smith742@email.com,Ava,Smith,0473552850,Canberra,RW00000742,2023-12-08,ACTIVE
CU000743,william.davis743@email.com,William,Davis,0438179573,Adelaide,RW00000743,2024-06-04,ACTIVE
CU000744,jack.brown744@email.com,Jack,Brown,0410975768,Adelaide,RW00000744,2024-12-09,ACTIVE
CU000745,jack.brown745@email.com,Jack,Brown,0454923637,Canberra,RW00000745,2025-01-25,ACTIVE
CU000746,isabella.jones746@email.com,Isabella,Jones,0467252162,Newcastle,RW00000746,2023-01-26,ACTIVE
CU000747,ava.johnson747@email.com,Ava,Johnson,0466151546,Adelaide,RW00000747,2024-04-13,ACTIVE
CU000748,sophia.garcia748@email.com,Sophia,Garcia,0423767101,Brisbane,RW00000748,2023-09-06,ACTIVE
CU000749,sophia.garcia749@email.com,Sophia,Garcia,0432351884,Adelaide,RW00000749,2023-11-27,ACTIVE
CU000750,sophia.rodriguez750@email.com,Sophia,Rodriguez,0418395083,Perth,RW00000750,2023-10-24,ACTIVE
CU000751,emma.rodriguez751@email.com,Emma,Rodriguez,0461208083,Brisbane,RW00000751,2024-07-24,ACTIVE
CU000752,oliver.martinez752@email.com,Oliver,Martinez,0475939012,Sydney,RW00000752,2024-02-24,ACTIVE
CU000753,isabella.davis753@email.com,Isabella,Davis,0434625931,Newcastle,RW00000753,2024-07-11,ACTIVE
CU000754,jack.jones754@email.com,Jack,Jones,0465137980,Perth,RW00000754,2023-09-14,ACTIVE
CU000755,oliver.williams755@email.com,Oliver,Williams,0417088199,Canberra,RW00000755,2023-11-30,ACTIVE
CU000756,james.martinez756@email.com,James,Martinez,0424834477,Canberra,RW00000756,2024-06-29,ACTIVE
CU000757,james.smith757@email.com,James,Smith,0458122424,Adelaide,RW00000757,2025-06-10,ACTIVE
CU000758,james.smith758@email.com,James,Smith,0424783208,Adelaide,RW00000758,2024-08-11,ACTIVE
CU000759,oliver.johnson759@email.com,Oliver,Johnson,0495917429,Sydney,RW00000759,2024-04-17,ACTIVE
CU000760,sophia.johnson760@email.com,Sophia,Johnson,0491231304,Brisbane,RW00000760,2023-12-01,ACTIVE
CU000761,james.miller761@email.com,James,Miller,0484847314,Wollongong,RW00000761,2023-05-17,ACTIVE
CU000762,sophia.brown762@email.com,Sophia,Brown,0444057650,Wollongong,RW00000762,2024-05-11,ACTIVE
CU000763,jack.brown763@email.com,Jack,Brown,0443001204,Perth,RW00000763,2024-11-02,ACTIVE
CU000764,sophia.smith764@email.com,Sophia,Smith,0416428038,Sydney,RW00000764,2024-03-05,ACTIVE
CU000765,oliver.garcia765@email.com,Oliver,Garcia,0491758515,Wollongong,RW00000765,2024-05-28,ACTIVE
CU000766,sophia.rodriguez766@email.com,Sophia,Rodriguez,0489622250,Sydney,RW00000766,2024-01-12,ACTIVE
CU000767,james.smith767@email.com,James,Smith,0426350620,Perth,RW00000767,2024-01-02,ACTIVE
CU000768,oliver.brown768@email.com,Oliver,Brown,0468039265,Wollongong,RW00000768,2024-05-03,ACTIVE
CU000769,oliver.garcia769@email.com,Oliver,Garcia,0483629597,Sydney,RW00000769,2024-10-17,ACTIVE
CU000770,william.miller770@email.com,William,Miller,0441383037,Perth,RW00000770,2023-07-22,ACTIVE
CU000771,william.miller771@email.com,William,Miller,0446209639,Brisbane,RW00000771,2024-04-18,ACTIVE
CU000772,charlotte.johnson772@email.com,Charlotte,Johnson,0499050889,Wollongong,RW00000772,2025-02-26,ACTIVE
CU000773,jack.garcia773@email.com,Jack,Garcia,0430014097,Sydney,RW00000773,2023-10-11,ACTIVE
CU000774,isabella.rodriguez774@email.com,Isabella,Rodriguez,0482233606,Brisbane,RW00000774,2024-06-21,ACTIVE
CU000775,oliver.martinez775@email.com,Oliver,Martinez,0446009516,Wollongong,RW00000775,2024-12-25,ACTIVE
CU000776,william.johnson776@email.com,William,Johnson,0481285981,Brisbane,RW00000776,2025-07-06,ACTIVE
CU000777,isabella.miller777@email.com,Isabella,Miller,0497839807,Sydney,RW00000777,2024-09-18,ACTIVE
CU000778,ava.jones778@email.com,Ava,Jones,0448077719,Perth,RW00000778,2023-05-19,ACTIVE
CU000779,emma.garcia779@email.com,Emma,Garcia,0468796848,Brisbane,RW00000779,2023-05-23,ACTIVE
CU000780,james.davis780@email.com,James,Davis,0430920070,Melbourne,RW00000780,2023-11-05,ACTIVE
CU000781,james.garcia781@email.com,James,Garcia,0456544031,Perth,RW00000781,2023-07-24,ACTIVE
CU000782,jack.garcia782@email.com,Jack,Garcia,0426439505,Wollongong,RW00000782,2024-01-10,ACTIVE
CU000783,ava.smith783@email.com,Ava,Smith,0482439182,Wollongong,RW00000783,2022-11-24,ACTIVE
CU000784,emma.miller784@email.com,Emma,Miller,0485170245,Adelaide,RW00000784,2023-02-06,ACTIVE
CU000785,emma.martinez785@email.com,Emma,Martinez,0456710772,Sydney,RW00000785,2024-12-10,ACTIVE
CU000786,william.brown786@email.com,William,Brown,0483021335,Melbourne,RW00000786,2025-07-10,ACTIVE
CU000787,isabella.jones787@email.com,Isabella,Jones,0446476492,Sydney,RW00000787,2024-10-14,ACTIVE
CU000788,james.davis788@email.com,James,Davis,0483379283,Adelaide,RW00000788,2023-11-26,ACTIVE
CU000789,william.brown789@email.com,William,Brown,0423263342,Adelaide,RW00000789,2022-10-24,ACTIVE
CU000790,isabella.miller790@email.com,Isabella,Miller,0430275571,Newcastle,RW00000790,2024-06-02,ACTIVE
CU000791,ava.martinez791@email.com,Ava,Martinez,0484005118,Canberra,RW00000791,2024-02-05,ACTIVE
CU000792,oliver.williams792@email.com,Oliver,Williams,0452019479,Sydney,RW00000792,2025-05-10,ACTIVE
CU000793,jack.miller793@email.com,Jack,Miller,0474825114,Sydney,RW00000793,2024-05-07,ACTIVE
CU000794,oliver.davis794@email.com,Oliver,Davis,0433382211,Adelaide,RW00000794,2022-10-15,ACTIVE
CU000795,thomas.garcia795@email.com,Thomas,Garcia,0427645609,Newcastle,RW00000795,2023-06-08,ACTIVE
CU000796,william.garcia796@email.com,William,Garcia,0476937664,Brisbane,RW00000796,2023-07-21,ACTIVE
CU000797,ava.martinez797@email.com,Ava,Martinez,0497034823,Newcastle,RW00000797,2023-11-13,ACTIVE
CU000798,oliver.garcia798@email.com,Oliver,Garcia,0463870323,Sydney,RW00000798,2023-04-15,ACTIVE
CU000799,sophia.rodriguez799@email.com,Sophia,Rodriguez,0498800613,Melbourne,RW00000799,2022-12-18,ACTIVE
CU000800,charlotte.miller800@email.com,Charlotte,Miller,0478112736,Adelaide,RW00000800,2023-07-01,ACTIVE
CU000801,jack.davis801@email.com,Jack,Davis,0441284930,Wollongong,RW00000801,2025-02-22,ACTIVE
CU000802,emma.rodriguez802@email.com,Emma,Rodriguez,0475076927,Wollongong,RW00000802,2023-04-19,ACTIVE
CU000803,sophia.davis803@email.com,Sophia,Davis,0492089316,Melbourne,RW00000803,2025-03-11,ACTIVE
CU000804,jack.smith804@email.com,Jack,Smith,0417193405,Canberra,RW00000804,2023-12-17,ACTIVE
CU000805,james.garcia805@email.com,James,Garcia,0488789321,Perth,RW00000805,2025-03-30,ACTIVE
CU000806,charlotte.rodriguez806@email.com,Charlotte,Rodriguez,0490168555,Sydney,RW00000806,2025-03-11,ACTIVE
CU000807,ava.brown807@email.com,Ava,Brown,0494250695,Perth,RW00000807,2025-06-01,ACTIVE
CU000808,charlotte.johnson808@email.com,Charlotte,Johnson,0467481970,Newcastle,RW00000808,2022-11-14,ACTIVE
CU000809,sophia.smith809@email.com,Sophia,Smith,0444573900,Brisbane,RW00000809,2025-03-12,ACTIVE
CU000810,isabella.rodriguez810@email.com,Isabella,Rodriguez,0430662282,Sydney,RW00000810,2023-07-07,ACTIVE
CU000811,sophia.miller811@email.com,Sophia,Miller,0413382915,Perth,RW00000811,2025-04-19,ACTIVE
CU000812,charlotte.williams812@email.com,Charlotte,Williams,0461892793,Wollongong,RW00000812,2024-03-30,ACTIVE
CU000813,isabella.martinez813@email.com,Isabella,Martinez,0442379133,Sydney,RW00000813,2024-09-01,ACTIVE
CU000814,james.johnson814@email.com,James,Johnson,0485517863,Melbourne,RW00000814,2025-08-16,ACTIVE
CU000815,isabella.miller815@email.com,Isabella,Miller,0440758677,Adelaide,RW00000815,2023-07-24,ACTIVE
CU000816,charlotte.miller816@email.com,Charlotte,Miller,0468688171,Perth,RW00000816,2025-06-21,ACTIVE
CU000817,sophia.miller817@email.com,Sophia,Miller,0496896748,Adelaide,RW00000817,2023-12-29,ACTIVE
CU000818,charlotte.williams818@email.com,Charlotte,Williams,0460660122,Brisbane,RW00000818,2025-02-15,ACTIVE
CU000819,william.jones819@email.com,William,Jones,0476306547,Melbourne,RW00000819,2023-11-06,ACTIVE
CU000820,charlotte.miller820@email.com,Charlotte,Miller,0421554087,Adelaide,RW00000820,2024-07-15,ACTIVE
CU000821,charlotte.johnson821@email.com,Charlotte,Johnson,0423974623,Newcastle,RW00000821,2025-06-27,ACTIVE
CU000822,thomas.smith822@email.com,Thomas,Smith,0483138851,Brisbane,RW00000822,2025-07-23,ACTIVE
CU000823,sophia.johnson823@email.com,Sophia,Johnson,0420941305,Brisbane,RW00000823,2024-10-20,ACTIVE
CU000824,ava.jones824@email.com,Ava,Jones,0478924206,Adelaide,RW00000824,2025-07-20,ACTIVE
CU000825,sophia.johnson825@email.com,Sophia,Johnson,0469385311,Perth,RW00000825,2025-08-08,ACTIVE
CU000826,oliver.garcia826@email.com,Oliver,Garcia,0476884059,Adelaide,RW00000826,2022-10-31,ACTIVE
CU000827,william.brown827@email.com,William,Brown,0450302673,Wollongong,RW00000827,2023-09-18,ACTIVE
CU000828,emma.martinez828@email.com,Emma,Martinez,0447794805,Brisbane,RW00000828,2022-12-01,ACTIVE
CU000829,james.miller829@email.com,James,Miller,0446350364,Wollongong,RW00000829,2025-02-01,ACTIVE
CU000830,jack.johnson830@email.com,Jack,Johnson,0425462396,Adelaide,RW00000830,2025-08-30,ACTIVE
CU000831,jack.rodriguez831@email.com,Jack,Rodriguez,0478227233,Newcastle,RW00000831,2024-01-17,ACTIVE
CU000832,isabella.williams832@email.com,Isabella,Williams,0486969463,Wollongong,RW00000832,2023-03-18,ACTIVE
CU000833,charlotte.garcia833@email.com,Charlotte,Garcia,0475457531,Adelaide,RW00000833,2024-10-26,ACTIVE
CU000834,charlotte.davis834@email.com,Charlotte,Davis,0499430780,Newcastle,RW00000834,2024-09-28,ACTIVE
CU000835,james.smith835@email.com,James,Smith,0495282858,Wollongong,RW00000835,2025-07-11,ACTIVE
CU000836,james.davis836@email.com,James,Davis,0459798163,Canberra,RW00000836,2023-09-24,ACTIVE
CU000837,ava.rodriguez837@email.com,Ava,Rodriguez,0459774541,Perth,RW00000837,2025-07-09,ACTIVE
CU000838,sophia.johnson838@email.com,Sophia,Johnson,0450181418,Brisbane,RW00000838,2023-01-06,ACTIVE
CU000839,jack.smith839@email.com,Jack,Smith,0470078421,Newcastle,RW00000839,2025-08-01,ACTIVE
CU000840,ava.jones840@email.com,Ava,Jones,0447654248,Newcastle,RW00000840,2025-04-19,ACTIVE
CU000841,thomas.johnson841@email.com,Thomas,Johnson,0472544465,Perth,RW00000841,2024-04-01,ACTIVE
CU000842,william.johnson842@email.com,William,Johnson,0470062868,Brisbane,RW00000842,2024-05-18,ACTIVE
CU000843,thomas.davis843@email.com,Thomas,Davis,0446536261,Brisbane,RW00000843,2024-09-30,ACTIVE
CU000844,oliver.davis844@email.com,Oliver,Davis,0410939148,Canberra,RW00000844,2025-03-29,ACTIVE
CU000845,ava.williams845@email.com,Ava,Williams,0459130305,Canberra,RW00000845,2025-02-11,ACTIVE
CU000846,sophia.miller846@email.com,Sophia,Miller,0498932447,Adelaide,RW00000846,2023-09-03,ACTIVE
CU000847,jack.miller847@email.com,Jack,Miller,0453740394,Adelaide,RW00000847,2023-07-18,ACTIVE
CU000848,oliver.garcia848@email.com,Oliver,Garcia,0433842977,Newcastle,RW00000848,2024-03-28,ACTIVE
CU000849,thomas.davis849@email.com,Thomas,Davis,0430368875,Sydney,RW00000849,2025-04-12,ACTIVE
CU000850,oliver.rodriguez850@email.com,Oliver,Rodriguez,0441550993,Perth,RW00000850,2023-02-07,ACTIVE
CU000851,isabella.smith851@email.com,Isabella,Smith,0414762336,Newcastle,RW00000851,2023-08-05,ACTIVE
CU000852,emma.johnson852@email.com,Emma,Johnson,0493941587,Perth,RW00000852,2024-05-24,ACTIVE
CU000853,thomas.williams853@email.com,Thomas,Williams,0466901552,Canberra,RW00000853,2025-03-16,ACTIVE
CU000854,sophia.williams854@email.com,Sophia,Williams,0432478763,Newcastle,RW00000854,2024-03-22,ACTIVE
CU000855,ava.martinez855@email.com,Ava,Martinez,0459669946,Melbourne,RW00000855,2024-12-19,ACTIVE
CU000856,ava.rodriguez856@email.com,Ava,Rodriguez,0497356313,Brisbane,RW00000856,2023-02-07,ACTIVE
CU000857,william.brown857@email.com,William,Brown,0444391191,Brisbane,RW00000857,2025-01-24,ACTIVE
CU000858,william.smith858@email.com,William,Smith,0431315376,Perth,RW00000858,2023-04-18,ACTIVE
CU000859,ava.jones859@email.com,Ava,Jones,0450543134,Melbourne,RW00000859,2022-10-20,ACTIVE
CU000860,jack.johnson860@email.com,Jack,Johnson,0447498406,Brisbane,RW00000860,2024-07-13,ACTIVE
CU000861,thomas.davis861@email.com,Thomas,Davis,0496493171,Wollongong,RW00000861,2025-07-07,ACTIVE
CU000862,james.davis862@email.com,James,Davis,0460810905,Adelaide,RW00000862,2023-06-11,ACTIVE
CU000863,ava.williams863@email.com,Ava,Williams,0433983284,Newcastle,RW00000863,2025-02-19,ACTIVE
CU000864,william.martinez864@email.com,William,Martinez,0428899628,Sydney,RW00000864,2025-07-12,ACTIVE
CU000865,thomas.brown865@email.com,Thomas,Brown,0420796058,Canberra,RW00000865,2023-03-09,ACTIVE
CU000866,ava.brown866@email.com,Ava,Brown,0474079776,Perth,RW00000866,2025-04-07,ACTIVE
CU000867,thomas.martinez867@email.com,Thomas,Martinez,0415342891,Brisbane,RW00000867,2025-02-25,ACTIVE
CU000868,james.williams868@email.com,James,Williams,0498347699,Newcastle,RW00000868,2025-02-24,ACTIVE
CU000869,william.brown869@email.com,William,Brown,0471650489,Brisbane,RW00000869,2024-07-22,ACTIVE
CU000870,ava.johnson870@email.com,Ava,Johnson,0481011584,Newcastle,RW00000870,2025-01-04,ACTIVE
CU000871,sophia.rodriguez871@email.com,Sophia,Rodriguez,0432382601,Newcastle,RW00000871,2025-06-08,ACTIVE
CU000872,william.miller872@email.com,William,Miller,0433362942,Newcastle,RW00000872,2024-05-04,ACTIVE
CU000873,william.garcia873@email.com,William,Garcia,0462306418,Melbourne,RW00000873,2023-01-09,ACTIVE
CU000874,emma.rodriguez874@email.com,Emma,Rodriguez,0453611108,Wollongong,RW00000874,2022-12-06,ACTIVE
CU000875,oliver.jones875@email.com,Oliver,Jones,0448678970,Canberra,RW00000875,2023-07-16,ACTIVE
CU000876,william.rodriguez876@email.com,William,Rodriguez,0463348734,Adelaide,RW00000876,2025-04-10,ACTIVE
CU000877,sophia.miller877@email.com,Sophia,Miller,0433759396,Adelaide,RW00000877,2024-10-28,ACTIVE
CU000878,thomas.williams878@email.com,Thomas,Williams,0448627377,Perth,RW00000878,2023-04-30,ACTIVE
CU000879,isabella.johnson879@email.com,Isabella,Johnson,0495414551,Perth,RW00000879,2025-01-11,ACTIVE
CU000880,ava.martinez880@email.com,Ava,Martinez,0461629453,Newcastle,RW00000880,2023-10-28,ACTIVE
CU000881,james.miller881@email.com,James,Miller,0413224057,Newcastle,RW00000881,2024-05-12,ACTIVE
CU000882,charlotte.smith882@email.com,Charlotte,Smith,0430977121,Brisbane,RW00000882,2022-12-28,ACTIVE
CU000883,thomas.davis883@email.com,Thomas,Davis,0437950497,Canberra,RW00000883,2025-06-16,ACTIVE
CU000884,oliver.miller884@email.com,Oliver,Miller,0431070646,Melbourne,RW00000884,2023-10-04,ACTIVE
CU000885,james.brown885@email.com,James,Brown,0423033870,Perth,RW00000885,2024-12-09,ACTIVE
CU000886,james.johnson886@email.com,James,Johnson,0433007156,Canberra,RW00000886,2024-08-13,ACTIVE
CU000887,charlotte.garcia887@email.com,Charlotte,Garcia,0482697491,Canberra,RW00000887,2024-06-19,ACTIVE
CU000888,oliver.brown888@email.com,Oliver,Brown,0428825372,Wollongong,RW00000888,2025-03-22,ACTIVE
CU000889,emma.martinez889@email.com,Emma,Martinez,0467945275,Canberra,RW00000889,2024-10-31,ACTIVE
CU000890,james.johnson890@email.com,James,Johnson,0429872178,Adelaide,RW00000890,2023-12-15,ACTIVE
CU000891,thomas.smith891@email.com,Thomas,Smith,0455845027,Canberra,RW00000891,2024-11-28,ACTIVE
CU000892,ava.brown892@email.com,Ava,Brown,0498295778,Perth,RW00000892,2023-09-27,ACTIVE
CU000893,thomas.martinez893@email.com,Thomas,Martinez,0474361427,Adelaide,RW00000893,2024-07-08,ACTIVE
CU000894,sophia.garcia894@email.com,Sophia,Garcia,0433074037,Newcastle,RW00000894,2022-11-13,ACTIVE
CU000895,oliver.martinez895@email.com,Oliver,Martinez,0426612835,Perth,RW00000895,2023-12-08,ACTIVE
CU000896,ava.martinez896@email.com,Ava,Martinez,0492410451,Sydney,RW00000896,2024-01-23,ACTIVE
CU000897,thomas.johnson897@email.com,Thomas,Johnson,0414579140,Perth,RW00000897,2023-05-29,ACTIVE
CU000898,emma.martinez898@email.com,Emma,Martinez,0430469641,Melbourne,RW00000898,2024-07-20,ACTIVE
CU000899,ava.rodriguez899@email.com,Ava,Rodriguez,0460365140,Wollongong,RW00000899,2024-02-02,ACTIVE
CU000900,isabella.rodriguez900@email.com,Isabella,Rodriguez,0489248651,Newcastle,RW00000900,2023-02-26,ACTIVE
CU000901,james.miller901@email.com,James,Miller,0435049749,Adelaide,RW00000901,2025-06-22,ACTIVE
CU000902,william.rodriguez902@email.com,William,Rodriguez,0496036486,Wollongong,RW00000902,2024-07-14,ACTIVE
CU000903,isabella.miller903@email.com,Isabella,Miller,0425038147,Newcastle,RW00000903,2023-05-04,ACTIVE
CU000904,ava.smith904@email.com,Ava,Smith,0434129804,Brisbane,RW00000904,2023-02-06,ACTIVE
CU000905,thomas.williams905@email.com,Thomas,Williams,0434264913,Brisbane,RW00000905,2025-02-22,ACTIVE
CU000906,jack.rodriguez906@email.com,Jack,Rodriguez,0459536001,Perth,RW00000906,2025-05-13,ACTIVE
CU000907,emma.smith907@email.com,Emma,Smith,0414653197,Newcastle,RW00000907,2024-01-07,ACTIVE
CU000908,isabella.rodriguez908@email.com,Isabella,Rodriguez,0470182963,Brisbane,RW00000908,2025-06-05,ACTIVE
CU000909,oliver.garcia909@email.com,Oliver,Garcia,0476470311,Melbourne,RW00000909,2023-10-19,ACTIVE
CU000910,charlotte.martinez910@email.com,Charlotte,Martinez,0453007250,Wollongong,RW00000910,2025-06-16,ACTIVE
CU000911,thomas.jones911@email.com,Thomas,Jones,0475767646,Newcastle,RW00000911,2022-12-08,ACTIVE
CU000912,sophia.rodriguez912@email.com,Sophia,Rodriguez,0413880014,Perth,RW00000912,2024-03-10,ACTIVE
CU000913,jack.rodriguez913@email.com,Jack,Rodriguez,0469495270,Adelaide,RW00000913,2024-12-03,ACTIVE
CU000914,james.johnson914@email.com,James,Johnson,0471650762,Adelaide,RW00000914,2024-07-02,ACTIVE
CU000915,jack.smith915@email.com,Jack,Smith,0452863548,Brisbane,RW00000915,2023-12-04,ACTIVE
CU000916,oliver.smith916@email.com,Oliver,Smith,0468168231,Newcastle,RW00000916,2025-01-20,ACTIVE
CU000917,isabella.jones917@email.com,Isabella,Jones,0427605040,Newcastle,RW00000917,2022-12-28,ACTIVE
CU000918,sophia.miller918@email.com,Sophia,Miller,0475660257,Canberra,RW00000918,2023-03-16,ACTIVE
CU000919,sophia.martinez919@email.com,Sophia,Martinez,0431367928,Canberra,RW00000919,2024-06-02,ACTIVE
CU000920,william.rodriguez920@email.com,William,Rodriguez,0429636914,Adelaide,RW00000920,2024-10-22,ACTIVE
CU000921,oliver.jones921@email.com,Oliver,Jones,0441762609,Newcastle,RW00000921,2024-10-06,ACTIVE
CU000922,charlotte.brown922@email.com,Charlotte,Brown,0492790324,Brisbane,RW00000922,2024-03-13,ACTIVE
CU000923,charlotte.williams923@email.com,Charlotte,Williams,0496963906,Sydney,RW00000923,2023-11-06,ACTIVE
CU000924,thomas.martinez924@email.com,Thomas,Martinez,0483852870,Perth,RW00000924,2024-07-09,ACTIVE
CU000925,emma.martinez925@email.com,Emma,Martinez,0452629746,Canberra,RW00000925,2023-01-24,ACTIVE
CU000926,isabella.johnson926@email.com,Isabella,Johnson,0425974606,Newcastle,RW00000926,2023-08-25,ACTIVE
CU000927,charlotte.brown927@email.com,Charlotte,Brown,0462392242,Wollongong,RW00000927,2025-01-20,ACTIVE
CU000928,ava.brown928@email.com,Ava,Brown,0462196376,Adelaide,RW00000928,2025-04-29,ACTIVE
CU000929,emma.rodriguez929@email.com,Emma,Rodriguez,0427013427,Melbourne,RW00000929,2024-01-18,ACTIVE
CU000930,james.rodriguez930@email.com,James,Rodriguez,0464503000,Melbourne,RW00000930,2023-08-23,ACTIVE
CU000931,isabella.rodriguez931@email.com,Isabella,Rodriguez,0496039899,Adelaide,RW00000931,2023-07-28,ACTIVE
CU000932,sophia.rodriguez932@email.com,Sophia,Rodriguez,0437139778,Wollongong,RW00000932,2024-06-03,ACTIVE
CU000933,sophia.williams933@email.com,Sophia,Williams,0499677422,Canberra,RW00000933,2025-02-11,ACTIVE
CU000934,oliver.martinez934@email.com,Oliver,Martinez,0454932935,Newcastle,RW00000934,2023-11-29,ACTIVE
CU000935,charlotte.davis935@email.com,Charlotte,Davis,0484077445,Newcastle,RW00000935,2022-11-29,ACTIVE
CU000936,jack.brown936@email.com,Jack,Brown,0456724980,Canberra,RW00000936,2022-10-27,ACTIVE
CU000937,ava.johnson937@email.com,Ava,Johnson,0484801750,Sydney,RW00000937,2023-11-17,ACTIVE
CU000938,oliver.davis938@email.com,Oliver,Davis,0499357604,Brisbane,RW00000938,2023-04-12,ACTIVE
CU000939,william.garcia939@email.com,William,Garcia,0422918072,Adelaide,RW00000939,2023-08-22,ACTIVE
CU000940,emma.miller940@email.com,Emma,Miller,0439671066,Melbourne,RW00000940,2023-09-12,ACTIVE
CU000941,oliver.williams941@email.com,Oliver,Williams,0462441796,Melbourne,RW00000941,2024-09-28,ACTIVE
CU000942,sophia.martinez942@email.com,Sophia,Martinez,0427659820,Sydney,RW00000942,2023-04-27,ACTIVE
CU000943,jack.rodriguez943@email.com,Jack,Rodriguez,0474888968,Perth,RW00000943,2023-03-25,ACTIVE
CU000944,emma.garcia944@email.com,Emma,Garcia,0460579584,Wollongong,RW00000944,2024-12-05,ACTIVE
CU000945,isabella.martinez945@email.com,Isabella,Martinez,0431817053,Brisbane,RW00000945,2023-10-06,ACTIVE
CU000946,james.rodriguez946@email.com,James,Rodriguez,0412343541,Canberra,RW00000946,2025-01-30,ACTIVE
CU000947,oliver.brown947@email.com,Oliver,Brown,0495071085,Melbourne,RW00000947,2023-09-25,ACTIVE
CU000948,jack.smith948@email.com,Jack,Smith,0450186921,Sydney,RW00000948,2023-06-24,ACTIVE
CU000949,charlotte.davis949@email.com,Charlotte,Davis,0459415407,Adelaide,RW00000949,2022-12-27,ACTIVE
CU000950,ava.martinez950@email.com,Ava,Martinez,0443709840,Brisbane,RW00000950,2024-11-25,ACTIVE
CU000951,charlotte.garcia951@email.com,Charlotte,Garcia,0486187997,Wollongong,RW00000951,2022-10-14,ACTIVE
CU000952,oliver.brown952@email.com,Oliver,Brown,0446236599,Newcastle,RW00000952,2024-04-23,ACTIVE
CU000953,thomas.johnson953@email.com,Thomas,Johnson,0436309278,Wollongong,RW00000953,2025-08-20,ACTIVE
CU000954,oliver.brown954@email.com,Oliver,Brown,0484695925,Brisbane,RW00000954,2024-12-28,ACTIVE
CU000955,ava.rodriguez955@email.com,Ava,Rodriguez,0425046010,Newcastle,RW00000955,2024-07-03,ACTIVE
CU000956,oliver.brown956@email.com,Oliver,Brown,0497297726,Perth,RW00000956,2024-10-26,ACTIVE
CU000957,james.davis957@email.com,James,Davis,0428335451,Adelaide,RW00000957,2024-01-01,ACTIVE
CU000958,jack.johnson958@email.com,Jack,Johnson,0433028374,Canberra,RW00000958,2025-02-27,ACTIVE
CU000959,ava.miller959@email.com,Ava,Miller,0475757501,Brisbane,RW00000959,2022-12-02,ACTIVE
CU000960,ava.martinez960@email.com,Ava,Martinez,0467494858,Sydney,RW00000960,2022-12-13,ACTIVE
CU000961,sophia.davis961@email.com,Sophia,Davis,0471653676,Newcastle,RW00000961,2024-07-30,ACTIVE
CU000962,thomas.jones962@email.com,Thomas,Jones,0473915924,Canberra,RW00000962,2025-03-20,ACTIVE
CU000963,william.davis963@email.com,William,Davis,0466515785,Melbourne,RW00000963,2025-05-10,ACTIVE
CU000964,james.martinez964@email.com,James,Martinez,0448701786,Perth,RW00000964,2023-11-19,ACTIVE
CU000965,charlotte.davis965@email.com,Charlotte,Davis,0424708825,Wollongong,RW00000965,2023-02-01,ACTIVE
CU000966,sophia.davis966@email.com,Sophia,Davis,0434280172,Melbourne,RW00000966,2023-01-31,ACTIVE
CU000967,thomas.williams967@email.com,Thomas,Williams,0441984657,Perth,RW00000967,2022-12-18,ACTIVE
CU000968,sophia.miller968@email.com,Sophia,Miller,0447351052,Wollongong,RW00000968,2025-06-23,ACTIVE
CU000969,oliver.garcia969@email.com,Oliver,Garcia,0479896260,Canberra,RW00000969,2025-06-10,ACTIVE
CU000970,sophia.johnson970@email.com,Sophia,Johnson,0435603084,Brisbane,RW00000970,2023-04-10,ACTIVE
CU000971,isabella.martinez971@email.com,Isabella,Martinez,0455277007,Melbourne,RW00000971,2024-12-13,ACTIVE
CU000972,james.davis972@email.com,James,Davis,0463471558,Sydney,RW00000972,2024-03-01,ACTIVE
CU000973,sophia.brown973@email.com,Sophia,Brown,0497918044,Wollongong,RW00000973,2025-07-30,ACTIVE
CU000974,isabella.johnson974@email.com,Isabella,Johnson,0476680687,Canberra,RW00000974,2023-12-02,ACTIVE
CU000975,james.johnson975@email.com,James,Johnson,0478651362,Wollongong,RW00000975,2023-11-26,ACTIVE
CU000976,charlotte.brown976@email.com,Charlotte,Brown,0485226763,Sydney,RW00000976,2024-12-09,ACTIVE
CU000977,william.jones977@email.com,William,Jones,0440999596,Wollongong,RW00000977,2024-09-24,ACTIVE
CU000978,jack.williams978@email.com,Jack,Williams,0495103506,Brisbane,RW00000978,2023-05-24,ACTIVE
CU000979,emma.jones979@email.com,Emma,Jones,0434445961,Newcastle,RW00000979,2022-12-04,ACTIVE
CU000980,charlotte.brown980@email.com,Charlotte,Brown,0453848427,Perth,RW00000980,2023-11-18,ACTIVE
CU000981,oliver.martinez981@email.com,Oliver,Martinez,0489803065,Perth,RW00000981,2023-03-27,ACTIVE
CU000982,jack.johnson982@email.com,Jack,Johnson,0476697446,Melbourne,RW00000982,2022-12-19,ACTIVE
CU000983,isabella.garcia983@email.com,Isabella,Garcia,0431953461,Wollongong,RW00000983,2024-03-21,ACTIVE
CU000984,emma.martinez984@email.com,Emma,Martinez,0459752734,Adelaide,RW00000984,2023-11-11,ACTIVE
CU000985,sophia.martinez985@email.com,Sophia,Martinez,0458405537,Canberra,RW00000985,2023-08-21,ACTIVE
CU000986,james.brown986@email.com,James,Brown,0477283845,Sydney,RW00000986,2023-05-30,ACTIVE
CU000987,isabella.jones987@email.com,Isabella,Jones,0499929303,Brisbane,RW00000987,2023-12-08,ACTIVE
CU000988,charlotte.smith988@email.com,Charlotte,Smith,0479640922,Adelaide,RW00000988,2022-10-19,ACTIVE
CU000989,isabella.miller989@email.com,Isabella,Miller,0447592742,Adelaide,RW00000989,2024-03-22,ACTIVE
CU000990,emma.davis990@email.com,Emma,Davis,0474194587,Wollongong,RW00000990,2024-12-13,ACTIVE
CU000991,charlotte.jones991@email.com,Charlotte,Jones,0495900971,Canberra,RW00000991,2024-09-10,ACTIVE
CU000992,oliver.martinez992@email.com,Oliver,Martinez,0480761301,Wollongong,RW00000992,2024-06-11,ACTIVE
CU000993,ava.garcia993@email.com,Ava,Garcia,0445398189,Sydney,RW00000993,2023-11-29,ACTIVE
CU000994,thomas.jones994@email.com,Thomas,Jones,0448765703,Brisbane,RW00000994,2023-03-06,ACTIVE
CU000995,oliver.jones995@email.com,Oliver,Jones,0412631229,Wollongong,RW00000995,2023-04-16,ACTIVE
CU000996,isabella.miller996@email.com,Isabella,Miller,0488727654,Melbourne,RW00000996,2025-09-05,ACTIVE
CU000997,emma.garcia997@email.com,Emma,Garcia,0458135072,Wollongong,RW00000997,2023-11-28,ACTIVE
CU000998,jack.smith998@email.com,Jack,Smith,0489819637,Newcastle,RW00000998,2024-07-27,ACTIVE
CU000999,emma.miller999@email.com,Emma,Miller,0499981284,Brisbane,RW00000999,2023-02-07,ACTIVE
CU001000,william.miller1000@email.com,William,Miller,0428236283,Newcastle,RW00001000,2024-06-06,ACTIVE
