PR0001,WW000001,P&G Pastries Item 1,High quality pastries product,Bakery,Pastries,Woolworths Essentials,32.33,44.59,ACTIVE
PR0002,WW000002,Coca-Cola Paper Products Item 2,High quality paper products product,Household,Paper Products,Macro,53.36,15.68,ACTIVE
PR0003,WW000003,Woolworths Essentials Condiments Item 3,High quality condiments product,Pantry,Condiments,P&G,48.22,21.56,ACTIVE
PR0004,WW000004,Unilever Pasta & Rice Item 4,High quality pasta & rice product,Pantry,Pasta & Rice,Woolworths Essentials,75.49,24.99,ACTIVE
PR0005,WW000005,Select Fresh Vegetables Item 5,High quality fresh vegetables product,Fruit & Vegetables,Fresh Vegetables,Select,39.81,39.97,ACTIVE
PR0006,WW000006,Nestle Pastries Item 6,High quality pastries product,Bakery,Pastries,Coca-Cola,43.72,44.49,ACTIVE
PR0007,WW000007,Nestle Personal Care Item 7,High quality personal care product,Health & Beauty,Personal Care,P&G,24.92,43.95,ACTIVE
PR0008,WW000008,Coca-Cola Eggs Item 8,High quality eggs product,Dairy & Eggs,Eggs,Unilever,49.81,15.67,ACTIVE
PR0009,WW000009,Coca-Cola Condiments Item 9,High quality condiments product,Pantry,Condiments,P&G,61.03,20.14,ACTIVE
PR0010,WW000010,Woolworths Essentials Cleaning Item 10,High quality cleaning product,Household,Cleaning,Woolworths Essentials,46.49,25.64,ACTIVE
PR0011,WW000011,Unilever Juices Item 11,High quality juices product,Beverages,Juices,Unilever,15.72,17.03,ACTIVE
PR0012,WW000012,Coca-Cola Pasta & Rice Item 12,High quality pasta & rice product,Pantry,Pasta & Rice,P&G,21.32,37.74,ACTIVE
PR0013,WW000013,Macro Bread Item 13,High quality bread product,Bakery,Bread,Woolworths Essentials,57.7,15.1,ACTIVE
PR0014,WW000014,Unilever Canned Goods Item 14,High quality canned goods product,Pantry,Canned Goods,Unilever,48.71,37.05,ACTIVE
PR0015,WW000015,Macro Water Item 15,High quality water product,Beverages,Water,Select,72.77,17.55,ACTIVE
PR0016,WW000016,Woolworths Essentials Cakes Item 16,High quality cakes product,Bakery,Cakes,Macro,53.5,24.03,ACTIVE
PR0017,WW000017,Coca-Cola Yogurt Item 17,High quality yogurt product,Dairy & Eggs,Yogurt,Woolworths Essentials,13.65,6.91,ACTIVE
PR0018,WW000018,Nestle Laundry Item 18,High quality laundry product,Household,Laundry,Select,22.84,14.09,ACTIVE
PR0019,WW000019,Macro Fresh Meat Item 19,High quality fresh meat product,Meat & Seafood,Fresh Meat,Woolworths Essentials,6.27,44.34,ACTIVE
PR0020,WW000020,Nestle Juices Item 20,High quality juices product,Beverages,Juices,Macro,77.62,23.41,ACTIVE
PR0021,WW000021,Nestle Soft Drinks Item 21,High quality soft drinks product,Beverages,Soft Drinks,Nestle,87.33,11.66,ACTIVE
PR0022,WW000022,P&G Bread Item 22,High quality bread product,Bakery,Bread,Macro,8.21,44.75,ACTIVE
PR0023,WW000023,Nestle Paper Products Item 23,High quality paper products product,Household,Paper Products,Woolworths Essentials,35.61,30.68,ACTIVE
PR0024,WW000024,Macro Canned Goods Item 24,High quality canned goods product,Pantry,Canned Goods,Nestle,53.1,34.24,ACTIVE
PR0025,WW000025,Woolworths Essentials Cleaning Item 25,High quality cleaning product,Household,Cleaning,P&G,15.34,13.18,ACTIVE
PR0026,WW000026,Nestle Yogurt Item 26,High quality yogurt product,Dairy & Eggs,Yogurt,Unilever,27.79,32.66,ACTIVE
PR0027,WW000027,Coca-Cola Seafood Item 27,High quality seafood product,Meat & Seafood,Seafood,Select,49.95,3.13,ACTIVE
PR0028,WW000028,Coca-Cola Vitamins Item 28,High quality vitamins product,Health & Beauty,Vitamins,Woolworths Essentials,72.5,38.44,ACTIVE
PR0029,WW000029,Unilever Condiments Item 29,High quality condiments product,Pantry,Condiments,Select,82.68,8.51,ACTIVE
PR0030,WW000030,Woolworths Essentials Cakes Item 30,High quality cakes product,Bakery,Cakes,Unilever,18.73,30.49,ACTIVE
PR0031,WW000031,P&G Water Item 31,High quality water product,Beverages,Water,Nestle,38.34,14.25,ACTIVE
PR0032,WW000032,Woolworths Essentials Deli Meat Item 32,High quality deli meat product,Meat & Seafood,Deli Meat,Nestle,9.11,30.37,ACTIVE
PR0033,WW000033,P&G Fresh Meat Item 33,High quality fresh meat product,Meat & Seafood,Fresh Meat,Select,76.86,38.46,ACTIVE
PR0034,WW000034,Nestle Cakes Item 34,High quality cakes product,Bakery,Cakes,Nestle,5.04,43.69,ACTIVE
PR0035,WW000035,Select Organic Produce Item 35,High quality organic produce product,Fruit & Vegetables,Organic Produce,Nestle,36.26,32.32,ACTIVE
PR0036,WW000036,Unilever Deli Meat Item 36,High quality deli meat product,Meat & Seafood,Deli Meat,Macro,13.23,28.45,ACTIVE
PR0037,WW000037,Woolworths Essentials Personal Care Item 37,High quality personal care product,Health & Beauty,Personal Care,Woolworths Essentials,8.38,31.7,ACTIVE
PR0038,WW000038,Macro Water Item 38,High quality water product,Beverages,Water,Macro,3.15,36.08,ACTIVE
PR0039,WW000039,Unilever Cosmetics Item 39,High quality cosmetics product,Health & Beauty,Cosmetics,Unilever,53.25,16.7,ACTIVE
PR0040,WW000040,Nestle Bread Item 40,High quality bread product,Bakery,Bread,Select,43.14,16.51,ACTIVE
PR0041,WW000041,Macro Fresh Fruit Item 41,High quality fresh fruit product,Fruit & Vegetables,Fresh Fruit,Macro,62.8,44.45,ACTIVE
PR0042,WW000042,P&G Milk Item 42,High quality milk product,Dairy & Eggs,Milk,Woolworths Essentials,67.42,1.46,ACTIVE
PR0043,WW000043,P&G Fresh Meat Item 43,High quality fresh meat product,Meat & Seafood,Fresh Meat,Select,78.23,21.02,ACTIVE
PR0044,WW000044,Coca-Cola Fresh Fruit Item 44,High quality fresh fruit product,Fruit & Vegetables,Fresh Fruit,Coca-Cola,63.37,43.58,ACTIVE
PR0045,WW000045,Coca-Cola Milk Item 45,High quality milk product,Dairy & Eggs,Milk,Coca-Cola,75.49,34.46,ACTIVE
PR0046,WW000046,Coca-Cola Water Item 46,High quality water product,Beverages,Water,P&G,43.32,26.72,ACTIVE
PR0047,WW000047,Woolworths Essentials Laundry Item 47,High quality laundry product,Household,Laundry,Macro,25.89,14.96,ACTIVE
PR0048,WW000048,Select Condiments Item 48,High quality condiments product,Pantry,Condiments,Macro,66.66,14.97,ACTIVE
PR0049,WW000049,Woolworths Essentials Soft Drinks Item 49,High quality soft drinks product,Beverages,Soft Drinks,P&G,52.58,8.67,ACTIVE
PR0050,WW000050,Woolworths Essentials Juices Item 50,High quality juices product,Beverages,Juices,Macro,29.19,36.96,ACTIVE
PR0051,WW000051,Woolworths Essentials Water Item 51,High quality water product,Beverages,Water,Unilever,18.16,21.74,ACTIVE
PR0052,WW000052,Coca-Cola Juices Item 52,High quality juices product,Beverages,Juices,P&G,67.86,40.75,ACTIVE
PR0053,WW000053,Select Paper Products Item 53,High quality paper products product,Household,Paper Products,Coca-Cola,71.18,22.14,ACTIVE
PR0054,WW000054,Unilever Deli Meat Item 54,High quality deli meat product,Meat & Seafood,Deli Meat,P&G,76.74,6.47,ACTIVE
PR0055,WW000055,Coca-Cola Cleaning Item 55,High quality cleaning product,Household,Cleaning,Unilever,48.71,19.13,ACTIVE
PR0056,WW000056,Macro Cleaning Item 56,High quality cleaning product,Household,Cleaning,Select,62.58,1.08,ACTIVE
PR0057,WW000057,Macro Milk Item 57,High quality milk product,Dairy & Eggs,Milk,Macro,13.55,4.41,ACTIVE
PR0058,WW000058,Unilever Paper Products Item 58,High quality paper products product,Household,Paper Products,Macro,24.61,26.93,ACTIVE
PR0059,WW000059,Woolworths Essentials Water Item 59,High quality water product,Beverages,Water,Woolworths Essentials,53.62,21.63,ACTIVE
PR0060,WW000060,Unilever Vitamins Item 60,High quality vitamins product,Health & Beauty,Vitamins,Coca-Cola,56.58,3.76,ACTIVE
PR0061,WW000061,Coca-Cola Vitamins Item 61,High quality vitamins product,Health & Beauty,Vitamins,Coca-Cola,53.58,7.14,ACTIVE
PR0062,WW000062,Nestle Pasta & Rice Item 62,High quality pasta & rice product,Pantry,Pasta & Rice,P&G,21.32,4.55,ACTIVE
PR0063,WW000063,Macro Fresh Meat Item 63,High quality fresh meat product,Meat & Seafood,Fresh Meat,P&G,84.76,17.77,ACTIVE
PR0064,WW000064,Coca-Cola Cosmetics Item 64,High quality cosmetics product,Health & Beauty,Cosmetics,Coca-Cola,67.53,37.02,ACTIVE
PR0065,WW000065,P&G Organic Produce Item 65,High quality organic produce product,Fruit & Vegetables,Organic Produce,P&G,64.13,6.19,ACTIVE
PR0066,WW000066,Unilever Cosmetics Item 66,High quality cosmetics product,Health & Beauty,Cosmetics,P&G,85.03,44.06,ACTIVE
PR0067,WW000067,Unilever Fresh Meat Item 67,High quality fresh meat product,Meat & Seafood,Fresh Meat,Woolworths Essentials,59.85,28.7,ACTIVE
PR0068,WW000068,Macro Cheese Item 68,High quality cheese product,Dairy & Eggs,Cheese,Macro,37.06,10.57,ACTIVE
PR0069,WW000069,P&G Vitamins Item 69,High quality vitamins product,Health & Beauty,Vitamins,Select,1.85,8.79,ACTIVE
PR0070,WW000070,Macro Cakes Item 70,High quality cakes product,Bakery,Cakes,Woolworths Essentials,54.86,33.13,ACTIVE
PR0071,WW000071,P&G Deli Meat Item 71,High quality deli meat product,Meat & Seafood,Deli Meat,Select,29.19,40.36,ACTIVE
PR0072,WW000072,Macro Soft Drinks Item 72,High quality soft drinks product,Beverages,Soft Drinks,Unilever,33.05,9.2,ACTIVE
PR0073,WW000073,P&G Deli Meat Item 73,High quality deli meat product,Meat & Seafood,Deli Meat,Select,23.71,16.61,ACTIVE
PR0074,WW000074,Woolworths Essentials Eggs Item 74,High quality eggs product,Dairy & Eggs,Eggs,Macro,10.1,3.94,ACTIVE
PR0075,WW000075,Unilever Soft Drinks Item 75,High quality soft drinks product,Beverages,Soft Drinks,Select,58.5,23.99,ACTIVE
PR0076,WW000076,Coca-Cola Cosmetics Item 76,High quality cosmetics product,Health & Beauty,Cosmetics,Woolworths Essentials,7.27,6.67,ACTIVE
PR0077,WW000077,Macro Canned Goods Item 77,High quality canned goods product,Pantry,Canned Goods,Unilever,74.14,15.65,ACTIVE
PR0078,WW000078,Coca-Cola Cheese Item 78,High quality cheese product,Dairy & Eggs,Cheese,Macro,65.68,6.49,ACTIVE
PR0079,WW000079,Woolworths Essentials Seafood Item 79,High quality seafood product,Meat & Seafood,Seafood,Macro,37.89,39.03,ACTIVE
PR0080,WW000080,Nestle Organic Produce Item 80,High quality organic produce product,Fruit & Vegetables,Organic Produce,Unilever,2.11,6.76,ACTIVE
PR0081,WW000081,Unilever Fresh Meat Item 81,High quality fresh meat product,Meat & Seafood,Fresh Meat,P&G,55.75,16.13,ACTIVE
PR0082,WW000082,Nestle Yogurt Item 82,High quality yogurt product,Dairy & Eggs,Yogurt,P&G,66.23,11.05,ACTIVE
PR0083,WW000083,Coca-Cola Soft Drinks Item 83,High quality soft drinks product,Beverages,Soft Drinks,Coca-Cola,74.82,26.84,ACTIVE
PR0084,WW000084,Unilever Fresh Vegetables Item 84,High quality fresh vegetables product,Fruit & Vegetables,Fresh Vegetables,Macro,39.45,39.22,ACTIVE
PR0085,WW000085,P&G Yogurt Item 85,High quality yogurt product,Dairy & Eggs,Yogurt,Select,29.85,26,ACTIVE
PR0086,WW000086,Nestle Condiments Item 86,High quality condiments product,Pantry,Condiments,Nestle,31.06,5.86,ACTIVE
PR0087,WW000087,Nestle Seafood Item 87,High quality seafood product,Meat & Seafood,Seafood,Woolworths Essentials,66.61,36.8,ACTIVE
PR0088,WW000088,Macro Organic Produce Item 88,High quality organic produce product,Fruit & Vegetables,Organic Produce,Woolworths Essentials,67.87,17.11,ACTIVE
PR0089,WW000089,Select Organic Produce Item 89,High quality organic produce product,Fruit & Vegetables,Organic Produce,Woolworths Essentials,5.02,13.46,ACTIVE
PR0090,WW000090,Woolworths Essentials Personal Care Item 90,High quality personal care product,Health & Beauty,Personal Care,Unilever,33.25,27.29,ACTIVE
PR0091,WW000091,Nestle Personal Care Item 91,High quality personal care product,Health & Beauty,Personal Care,Macro,52.86,40.48,ACTIVE
PR0092,WW000092,Select Condiments Item 92,High quality condiments product,Pantry,Condiments,Macro,7.15,9.19,ACTIVE
PR0093,WW000093,Select Deli Meat Item 93,High quality deli meat product,Meat & Seafood,Deli Meat,Macro,8.51,36.39,ACTIVE
PR0094,WW000094,Macro Personal Care Item 94,High quality personal care product,Health & Beauty,Personal Care,Unilever,39.82,1.87,ACTIVE
PR0095,WW000095,Woolworths Essentials Pastries Item 95,High quality pastries product,Bakery,Pastries,Unilever,33.47,15.19,ACTIVE
PR0096,WW000096,Macro Condiments Item 96,High quality condiments product,Pantry,Condiments,Woolworths Essentials,20.94,24.34,ACTIVE
PR0097,WW000097,Woolworths Essentials Fresh Fruit Item 97,High quality fresh fruit product,Fruit & Vegetables,Fresh Fruit,Unilever,71.31,9.56,ACTIVE
PR0098,WW000098,Nestle Juices Item 98,High quality juices product,Beverages,Juices,Nestle,75.97,8.21,ACTIVE
PR0099,WW000099,Unilever Fresh Vegetables Item 99,High quality fresh vegetables product,Fruit & Vegetables,Fresh Vegetables,Woolworths Essentials,32.63,12.52,ACTIVE
PR0100,WW000100,Unilever Fresh Vegetables Item 100,High quality fresh vegetables product,Fruit & Vegetables,Fresh Vegetables,Macro,31.16,21.03,ACTIVE
PR0101,WW000101,Unilever Canned Goods Item 101,High quality canned goods product,Pantry,Canned Goods,Unilever,73.64,3.16,ACTIVE
PR0102,WW000102,Nestle Fresh Meat Item 102,High quality fresh meat product,Meat & Seafood,Fresh Meat,Unilever,29.33,43.83,ACTIVE
PR0103,WW000103,Select Eggs Item 103,High quality eggs product,Dairy & Eggs,Eggs,Unilever,64.54,39.97,ACTIVE
PR0104,WW000104,P&G Cheese Item 104,High quality cheese product,Dairy & Eggs,Cheese,Coca-Cola,59.08,38.61,ACTIVE
PR0105,WW000105,Macro Cosmetics Item 105,High quality cosmetics product,Health & Beauty,Cosmetics,Coca-Cola,9.78,19.65,ACTIVE
PR0106,WW000106,Nestle Vitamins Item 106,High quality vitamins product,Health & Beauty,Vitamins,Nestle,48.31,40.39,ACTIVE
PR0107,WW000107,Woolworths Essentials Juices Item 107,High quality juices product,Beverages,Juices,Coca-Cola,73.42,15.8,ACTIVE
PR0108,WW000108,Nestle Cleaning Item 108,High quality cleaning product,Household,Cleaning,Select,18.21,1.14,ACTIVE
PR0109,WW000109,P&G Organic Produce Item 109,High quality organic produce product,Fruit & Vegetables,Organic Produce,Woolworths Essentials,83.92,13.28,ACTIVE
PR0110,WW000110,Macro Bread Item 110,High quality bread product,Bakery,Bread,Select,5.6,12.53,ACTIVE
PR0111,WW000111,Macro Pastries Item 111,High quality pastries product,Bakery,Pastries,Coca-Cola,6.61,31.24,ACTIVE
PR0112,WW000112,Coca-Cola Cheese Item 112,High quality cheese product,Dairy & Eggs,Cheese,P&G,45.17,31.48,ACTIVE
PR0113,WW000113,Macro Pasta & Rice Item 113,High quality pasta & rice product,Pantry,Pasta & Rice,Select,13.25,39.66,ACTIVE
PR0114,WW000114,Nestle Laundry Item 114,High quality laundry product,Household,Laundry,P&G,66.39,26.13,ACTIVE
PR0115,WW000115,Select Fresh Meat Item 115,High quality fresh meat product,Meat & Seafood,Fresh Meat,Nestle,56.81,26.64,ACTIVE
PR0116,WW000116,Nestle Deli Meat Item 116,High quality deli meat product,Meat & Seafood,Deli Meat,Nestle,15.18,21.63,ACTIVE
PR0117,WW000117,Macro Cakes Item 117,High quality cakes product,Bakery,Cakes,Macro,5.25,31.29,ACTIVE
PR0118,WW000118,Nestle Bread Item 118,High quality bread product,Bakery,Bread,Coca-Cola,41.11,15.98,ACTIVE
PR0119,WW000119,Woolworths Essentials Deli Meat Item 119,High quality deli meat product,Meat & Seafood,Deli Meat,Nestle,88.3,42.21,ACTIVE
PR0120,WW000120,Select Fresh Fruit Item 120,High quality fresh fruit product,Fruit & Vegetables,Fresh Fruit,Woolworths Essentials,45.5,10.14,ACTIVE
PR0121,WW000121,Woolworths Essentials Yogurt Item 121,High quality yogurt product,Dairy & Eggs,Yogurt,P&G,9.29,21.94,ACTIVE
PR0122,WW000122,Woolworths Essentials Cheese Item 122,High quality cheese product,Dairy & Eggs,Cheese,Unilever,51.21,10.27,ACTIVE
PR0123,WW000123,Select Cleaning Item 123,High quality cleaning product,Household,Cleaning,Macro,39.21,27.29,ACTIVE
PR0124,WW000124,Select Canned Goods Item 124,High quality canned goods product,Pantry,Canned Goods,Nestle,7.12,3.76,ACTIVE
PR0125,WW000125,P&G Bread Item 125,High quality bread product,Bakery,Bread,Unilever,31.1,39.19,ACTIVE
PR0126,WW000126,Unilever Soft Drinks Item 126,High quality soft drinks product,Beverages,Soft Drinks,Nestle,30.43,27.23,ACTIVE
PR0127,WW000127,P&G Water Item 127,High quality water product,Beverages,Water,Select,5.4,39.39,ACTIVE
PR0128,WW000128,Woolworths Essentials Pasta & Rice Item 128,High quality pasta & rice product,Pantry,Pasta & Rice,Select,66.33,7.56,ACTIVE
PR0129,WW000129,Unilever Deli Meat Item 129,High quality deli meat product,Meat & Seafood,Deli Meat,Unilever,42.74,16.36,ACTIVE
PR0130,WW000130,P&G Condiments Item 130,High quality condiments product,Pantry,Condiments,Unilever,36.39,5.29,ACTIVE
PR0131,WW000131,Select Vitamins Item 131,High quality vitamins product,Health & Beauty,Vitamins,Woolworths Essentials,65.52,8.87,ACTIVE
PR0132,WW000132,Select Condiments Item 132,High quality condiments product,Pantry,Condiments,Unilever,76.18,31.58,ACTIVE
PR0133,WW000133,P&G Fresh Fruit Item 133,High quality fresh fruit product,Fruit & Vegetables,Fresh Fruit,Coca-Cola,37.96,24.46,ACTIVE
PR0134,WW000134,Coca-Cola Fresh Fruit Item 134,High quality fresh fruit product,Fruit & Vegetables,Fresh Fruit,Macro,76.75,11.97,ACTIVE
PR0135,WW000135,Coca-Cola Vitamins Item 135,High quality vitamins product,Health & Beauty,Vitamins,Select,89.07,14.11,ACTIVE
PR0136,WW000136,Coca-Cola Eggs Item 136,High quality eggs product,Dairy & Eggs,Eggs,Woolworths Essentials,83.65,15.18,ACTIVE
PR0137,WW000137,Select Canned Goods Item 137,High quality canned goods product,Pantry,Canned Goods,Macro,57.6,5.97,ACTIVE
PR0138,WW000138,Coca-Cola Bread Item 138,High quality bread product,Bakery,Bread,Select,86.77,22.98,ACTIVE
PR0139,WW000139,Select Cosmetics Item 139,High quality cosmetics product,Health & Beauty,Cosmetics,Nestle,74.73,42.53,ACTIVE
PR0140,WW000140,Select Canned Goods Item 140,High quality canned goods product,Pantry,Canned Goods,P&G,34.59,11.99,ACTIVE
PR0141,WW000141,Woolworths Essentials Fresh Meat Item 141,High quality fresh meat product,Meat & Seafood,Fresh Meat,Woolworths Essentials,22.7,8.37,ACTIVE
PR0142,WW000142,Unilever Cosmetics Item 142,High quality cosmetics product,Health & Beauty,Cosmetics,Coca-Cola,24.15,14.49,ACTIVE
PR0143,WW000143,Unilever Bread Item 143,High quality bread product,Bakery,Bread,Macro,31.39,1.73,ACTIVE
PR0144,WW000144,Macro Paper Products Item 144,High quality paper products product,Household,Paper Products,Coca-Cola,67.93,9.97,ACTIVE
PR0145,WW000145,Select Condiments Item 145,High quality condiments product,Pantry,Condiments,Macro,39.62,10.57,ACTIVE
PR0146,WW000146,Nestle Milk Item 146,High quality milk product,Dairy & Eggs,Milk,Woolworths Essentials,28.93,29.14,ACTIVE
PR0147,WW000147,Nestle Organic Produce Item 147,High quality organic produce product,Fruit & Vegetables,Organic Produce,Nestle,37.85,10.55,ACTIVE
PR0148,WW000148,Woolworths Essentials Bread Item 148,High quality bread product,Bakery,Bread,Nestle,32.68,16.29,ACTIVE
PR0149,WW000149,Select Fresh Meat Item 149,High quality fresh meat product,Meat & Seafood,Fresh Meat,Coca-Cola,54.99,13.47,ACTIVE
PR0150,WW000150,Woolworths Essentials Personal Care Item 150,High quality personal care product,Health & Beauty,Personal Care,Coca-Cola,46.33,25.95,ACTIVE
PR0151,WW000151,P&G Bread Item 151,High quality bread product,Bakery,Bread,Woolworths Essentials,38.69,11.96,ACTIVE
PR0152,WW000152,Select Condiments Item 152,High quality condiments product,Pantry,Condiments,P&G,37.55,6.89,ACTIVE
PR0153,WW000153,Unilever Personal Care Item 153,High quality personal care product,Health & Beauty,Personal Care,Nestle,87.32,32.39,ACTIVE
PR0154,WW000154,Macro Water Item 154,High quality water product,Beverages,Water,Unilever,46.03,25.44,ACTIVE
PR0155,WW000155,Select Personal Care Item 155,High quality personal care product,Health & Beauty,Personal Care,Macro,35.84,23.28,ACTIVE
PR0156,WW000156,Select Canned Goods Item 156,High quality canned goods product,Pantry,Canned Goods,Nestle,51.19,27.08,ACTIVE
PR0157,WW000157,Select Personal Care Item 157,High quality personal care product,Health & Beauty,Personal Care,Unilever,77.65,24.43,ACTIVE
PR0158,WW000158,Select Fresh Fruit Item 158,High quality fresh fruit product,Fruit & Vegetables,Fresh Fruit,Unilever,82.18,3.81,ACTIVE
PR0159,WW000159,Woolworths Essentials Cosmetics Item 159,High quality cosmetics product,Health & Beauty,Cosmetics,Select,13.79,4.33,ACTIVE
PR0160,WW000160,Woolworths Essentials Juices Item 160,High quality juices product,Beverages,Juices,P&G,33.79,24.23,ACTIVE
PR0161,WW000161,Unilever Pastries Item 161,High quality pastries product,Bakery,Pastries,P&G,87.03,1.61,ACTIVE
PR0162,WW000162,Woolworths Essentials Condiments Item 162,High quality condiments product,Pantry,Condiments,Nestle,83.27,18.83,ACTIVE
PR0163,WW000163,Nestle Pastries Item 163,High quality pastries product,Bakery,Pastries,Unilever,85.4,16.77,ACTIVE
PR0164,WW000164,Nestle Fresh Fruit Item 164,High quality fresh fruit product,Fruit & Vegetables,Fresh Fruit,Unilever,81.75,39.81,ACTIVE
PR0165,WW000165,Macro Paper Products Item 165,High quality paper products product,Household,Paper Products,Nestle,6.44,41.06,ACTIVE
PR0166,WW000166,P&G Cosmetics Item 166,High quality cosmetics product,Health & Beauty,Cosmetics,Macro,43.85,40.31,ACTIVE
PR0167,WW000167,Select Cheese Item 167,High quality cheese product,Dairy & Eggs,Cheese,P&G,81.58,28.05,ACTIVE
PR0168,WW000168,Select Pasta & Rice Item 168,High quality pasta & rice product,Pantry,Pasta & Rice,Coca-Cola,48.54,33.42,ACTIVE
PR0169,WW000169,Macro Paper Products Item 169,High quality paper products product,Household,Paper Products,P&G,19.16,35.34,ACTIVE
PR0170,WW000170,Unilever Water Item 170,High quality water product,Beverages,Water,P&G,65.6,3.17,ACTIVE
PR0171,WW000171,Unilever Water Item 171,High quality water product,Beverages,Water,Macro,21.97,44.7,ACTIVE
PR0172,WW000172,P&G Seafood Item 172,High quality seafood product,Meat & Seafood,Seafood,Nestle,40.8,37.69,ACTIVE
PR0173,WW000173,Select Soft Drinks Item 173,High quality soft drinks product,Beverages,Soft Drinks,Coca-Cola,20.42,29.3,ACTIVE
PR0174,WW000174,Nestle Canned Goods Item 174,High quality canned goods product,Pantry,Canned Goods,Macro,70.49,42.1,ACTIVE
PR0175,WW000175,Woolworths Essentials Juices Item 175,High quality juices product,Beverages,Juices,Unilever,74.73,13.6,ACTIVE
PR0176,WW000176,P&G Pastries Item 176,High quality pastries product,Bakery,Pastries,Macro,46.97,30.05,ACTIVE
PR0177,WW000177,Coca-Cola Fresh Vegetables Item 177,High quality fresh vegetables product,Fruit & Vegetables,Fresh Vegetables,P&G,21.56,40.17,ACTIVE
PR0178,WW000178,Macro Cakes Item 178,High quality cakes product,Bakery,Cakes,Coca-Cola,12.68,21.85,ACTIVE
PR0179,WW000179,Woolworths Essentials Personal Care Item 179,High quality personal care product,Health & Beauty,Personal Care,Select,57.2,27.74,ACTIVE
PR0180,WW000180,Nestle Condiments Item 180,High quality condiments product,Pantry,Condiments,Coca-Cola,3.68,3.04,ACTIVE
PR0181,WW000181,P&G Condiments Item 181,High quality condiments product,Pantry,Condiments,Select,72.25,12.27,ACTIVE
PR0182,WW000182,Unilever Canned Goods Item 182,High quality canned goods product,Pantry,Canned Goods,Coca-Cola,47.31,26.24,ACTIVE
PR0183,WW000183,Nestle Personal Care Item 183,High quality personal care product,Health & Beauty,Personal Care,Unilever,85.48,29.6,ACTIVE
PR0184,WW000184,Select Deli Meat Item 184,High quality deli meat product,Meat & Seafood,Deli Meat,Woolworths Essentials,12.41,19.49,ACTIVE
PR0185,WW000185,Unilever Water Item 185,High quality water product,Beverages,Water,Select,26.08,21.97,ACTIVE
PR0186,WW000186,Coca-Cola Seafood Item 186,High quality seafood product,Meat & Seafood,Seafood,Woolworths Essentials,87.63,25.28,ACTIVE
PR0187,WW000187,Coca-Cola Personal Care Item 187,High quality personal care product,Health & Beauty,Personal Care,Unilever,34.87,25.35,ACTIVE
PR0188,WW000188,Coca-Cola Bread Item 188,High quality bread product,Bakery,Bread,Macro,79.7,44.15,ACTIVE
PR0189,WW000189,Select Deli Meat Item 189,High quality deli meat product,Meat & Seafood,Deli Meat,Coca-Cola,18.54,33.86,ACTIVE
PR0190,WW000190,Woolworths Essentials Cakes Item 190,High quality cakes product,Bakery,Cakes,Nestle,69.55,4.47,ACTIVE
PR0191,WW000191,Macro Eggs Item 191,High quality eggs product,Dairy & Eggs,Eggs,Nestle,89.57,13.72,ACTIVE
PR0192,WW000192,Unilever Fresh Meat Item 192,High quality fresh meat product,Meat & Seafood,Fresh Meat,Coca-Cola,43.48,23.85,ACTIVE
PR0193,WW000193,Nestle Laundry Item 193,High quality laundry product,Household,Laundry,Coca-Cola,63.13,7.61,ACTIVE
PR0194,WW000194,Coca-Cola Condiments Item 194,High quality condiments product,Pantry,Condiments,Woolworths Essentials,44.44,13.23,ACTIVE
PR0195,WW000195,Coca-Cola Pasta & Rice Item 195,High quality pasta & rice product,Pantry,Pasta & Rice,Macro,38.82,36.13,ACTIVE
PR0196,WW000196,Select Cleaning Item 196,High quality cleaning product,Household,Cleaning,Woolworths Essentials,27.74,25.86,ACTIVE
PR0197,WW000197,Nestle Canned Goods Item 197,High quality canned goods product,Pantry,Canned Goods,Coca-Cola,55.29,5.52,ACTIVE
PR0198,WW000198,P&G Cakes Item 198,High quality cakes product,Bakery,Cakes,P&G,31.05,26.81,ACTIVE
PR0199,WW000199,Macro Cosmetics Item 199,High quality cosmetics product,Health & Beauty,Cosmetics,Coca-Cola,85.12,25.12,ACTIVE
PR0200,WW000200,Select Paper Products Item 200,High quality paper products product,Household,Paper Products,Coca-Cola,84.37,21.59,ACTIVE
PR0201,WW000201,Macro Fresh Vegetables Item 201,High quality fresh vegetables product,Fruit & Vegetables,Fresh Vegetables,Nestle,4.15,5.98,ACTIVE
PR0202,WW000202,Select Yogurt Item 202,High quality yogurt product,Dairy & Eggs,Yogurt,Nestle,32.74,26.09,ACTIVE
PR0203,WW000203,Macro Milk Item 203,High quality milk product,Dairy & Eggs,Milk,P&G,25.16,43.94,ACTIVE
PR0204,WW000204,Select Yogurt Item 204,High quality yogurt product,Dairy & Eggs,Yogurt,Macro,48.82,28.82,ACTIVE
PR0205,WW000205,Unilever Cleaning Item 205,High quality cleaning product,Household,Cleaning,Woolworths Essentials,52.05,24.46,ACTIVE
PR0206,WW000206,Woolworths Essentials Bread Item 206,High quality bread product,Bakery,Bread,Select,64.46,0.82,ACTIVE
PR0207,WW000207,Select Juices Item 207,High quality juices product,Beverages,Juices,Nestle,85.37,9.36,ACTIVE
PR0208,WW000208,Woolworths Essentials Fresh Meat Item 208,High quality fresh meat product,Meat & Seafood,Fresh Meat,Nestle,56.41,34.47,ACTIVE
PR0209,WW000209,Unilever Seafood Item 209,High quality seafood product,Meat & Seafood,Seafood,Woolworths Essentials,41.17,0.91,ACTIVE
PR0210,WW000210,Macro Pastries Item 210,High quality pastries product,Bakery,Pastries,Coca-Cola,48.99,25.65,ACTIVE
PR0211,WW000211,Unilever Cosmetics Item 211,High quality cosmetics product,Health & Beauty,Cosmetics,Unilever,5.14,11.93,ACTIVE
PR0212,WW000212,P&G Soft Drinks Item 212,High quality soft drinks product,Beverages,Soft Drinks,Unilever,60.1,18.25,ACTIVE
PR0213,WW000213,Nestle Soft Drinks Item 213,High quality soft drinks product,Beverages,Soft Drinks,Unilever,59.17,18.49,ACTIVE
PR0214,WW000214,Select Juices Item 214,High quality juices product,Beverages,Juices,Select,31.9,12.19,ACTIVE
PR0215,WW000215,Unilever Seafood Item 215,High quality seafood product,Meat & Seafood,Seafood,Unilever,78.95,30.62,ACTIVE
PR0216,WW000216,Nestle Fresh Vegetables Item 216,High quality fresh vegetables product,Fruit & Vegetables,Fresh Vegetables,Unilever,84.41,7.24,ACTIVE
PR0217,WW000217,Woolworths Essentials Bread Item 217,High quality bread product,Bakery,Bread,Macro,61.07,40.28,ACTIVE
PR0218,WW000218,P&G Personal Care Item 218,High quality personal care product,Health & Beauty,Personal Care,Nestle,70.14,8.06,ACTIVE
PR0219,WW000219,P&G Water Item 219,High quality water product,Beverages,Water,Woolworths Essentials,51.82,29.39,ACTIVE
PR0220,WW000220,Macro Personal Care Item 220,High quality personal care product,Health & Beauty,Personal Care,P&G,29.84,3.33,ACTIVE
PR0221,WW000221,P&G Paper Products Item 221,High quality paper products product,Household,Paper Products,Unilever,11.52,26.46,ACTIVE
PR0222,WW000222,Unilever Pasta & Rice Item 222,High quality pasta & rice product,Pantry,Pasta & Rice,Coca-Cola,89.74,28.48,ACTIVE
PR0223,WW000223,Nestle Fresh Vegetables Item 223,High quality fresh vegetables product,Fruit & Vegetables,Fresh Vegetables,Coca-Cola,9.89,23.79,ACTIVE
PR0224,WW000224,Woolworths Essentials Water Item 224,High quality water product,Beverages,Water,P&G,4.97,25.84,ACTIVE
PR0225,WW000225,Unilever Deli Meat Item 225,High quality deli meat product,Meat & Seafood,Deli Meat,Nestle,53.04,5.52,ACTIVE
PR0226,WW000226,Unilever Fresh Meat Item 226,High quality fresh meat product,Meat & Seafood,Fresh Meat,Nestle,40.16,38.27,ACTIVE
PR0227,WW000227,P&G Condiments Item 227,High quality condiments product,Pantry,Condiments,Nestle,30.05,22.67,ACTIVE
PR0228,WW000228,Unilever Cakes Item 228,High quality cakes product,Bakery,Cakes,P&G,12.39,3.65,ACTIVE
PR0229,WW000229,P&G Fresh Fruit Item 229,High quality fresh fruit product,Fruit & Vegetables,Fresh Fruit,Unilever,17.88,28.25,ACTIVE
PR0230,WW000230,Select Cheese Item 230,High quality cheese product,Dairy & Eggs,Cheese,Unilever,62.12,9.72,ACTIVE
PR0231,WW000231,P&G Canned Goods Item 231,High quality canned goods product,Pantry,Canned Goods,Nestle,13.7,31.39,ACTIVE
PR0232,WW000232,Select Fresh Meat Item 232,High quality fresh meat product,Meat & Seafood,Fresh Meat,P&G,89.06,40.16,ACTIVE
PR0233,WW000233,Nestle Deli Meat Item 233,High quality deli meat product,Meat & Seafood,Deli Meat,Unilever,3.73,4.53,ACTIVE
PR0234,WW000234,P&G Vitamins Item 234,High quality vitamins product,Health & Beauty,Vitamins,Coca-Cola,27.24,12,ACTIVE
PR0235,WW000235,Woolworths Essentials Cosmetics Item 235,High quality cosmetics product,Health & Beauty,Cosmetics,Select,52.92,19.7,ACTIVE
PR0236,WW000236,Select Organic Produce Item 236,High quality organic produce product,Fruit & Vegetables,Organic Produce,Woolworths Essentials,60.78,4.56,ACTIVE
PR0237,WW000237,P&G Vitamins Item 237,High quality vitamins product,Health & Beauty,Vitamins,Macro,6.29,4.68,ACTIVE
PR0238,WW000238,Coca-Cola Cheese Item 238,High quality cheese product,Dairy & Eggs,Cheese,Nestle,21.08,36.04,ACTIVE
PR0239,WW000239,Woolworths Essentials Cakes Item 239,High quality cakes product,Bakery,Cakes,Unilever,46.17,2.82,ACTIVE
PR0240,WW000240,Woolworths Essentials Deli Meat Item 240,High quality deli meat product,Meat & Seafood,Deli Meat,P&G,89.78,16.54,ACTIVE
PR0241,WW000241,P&G Laundry Item 241,High quality laundry product,Household,Laundry,Nestle,80.43,9.7,ACTIVE
PR0242,WW000242,Select Water Item 242,High quality water product,Beverages,Water,Nestle,26.15,32.17,ACTIVE
PR0243,WW000243,Woolworths Essentials Organic Produce Item 243,High quality organic produce product,Fruit & Vegetables,Organic Produce,P&G,50.05,15.47,ACTIVE
PR0244,WW000244,Macro Water Item 244,High quality water product,Beverages,Water,P&G,19.54,7.54,ACTIVE
PR0245,WW000245,Select Fresh Vegetables Item 245,High quality fresh vegetables product,Fruit & Vegetables,Fresh Vegetables,Nestle,65.4,36.47,ACTIVE
PR0246,WW000246,Unilever Condiments Item 246,High quality condiments product,Pantry,Condiments,Unilever,14.09,11.9,ACTIVE
PR0247,WW000247,Coca-Cola Condiments Item 247,High quality condiments product,Pantry,Condiments,P&G,87.67,17.13,ACTIVE
PR0248,WW000248,Coca-Cola Paper Products Item 248,High quality paper products product,Household,Paper Products,Select,69.22,18.77,ACTIVE
PR0249,WW000249,P&G Fresh Meat Item 249,High quality fresh meat product,Meat & Seafood,Fresh Meat,Macro,12,28.19,ACTIVE
PR0250,WW000250,Woolworths Essentials Pasta & Rice Item 250,High quality pasta & rice product,Pantry,Pasta & Rice,Macro,22.34,15.15,ACTIVE
PR0251,WW000251,Macro Canned Goods Item 251,High quality canned goods product,Pantry,Canned Goods,Select,45.35,13.69,ACTIVE
PR0252,WW000252,P&G Juices Item 252,High quality juices product,Beverages,Juices,Nestle,48.57,25.07,ACTIVE
PR0253,WW000253,Nestle Pasta & Rice Item 253,High quality pasta & rice product,Pantry,Pasta & Rice,P&G,31.6,4.06,ACTIVE
PR0254,WW000254,Woolworths Essentials Personal Care Item 254,High quality personal care product,Health & Beauty,Personal Care,Macro,77.17,40.68,ACTIVE
PR0255,WW000255,P&G Cleaning Item 255,High quality cleaning product,Household,Cleaning,Unilever,7.48,2.45,ACTIVE
PR0256,WW000256,Nestle Deli Meat Item 256,High quality deli meat product,Meat & Seafood,Deli Meat,P&G,33.64,7.17,ACTIVE
PR0257,WW000257,P&G Soft Drinks Item 257,High quality soft drinks product,Beverages,Soft Drinks,Coca-Cola,51.08,13.57,ACTIVE
PR0258,WW000258,Coca-Cola Cosmetics Item 258,High quality cosmetics product,Health & Beauty,Cosmetics,Nestle,34.79,39.96,ACTIVE
PR0259,WW000259,Coca-Cola Pasta & Rice Item 259,High quality pasta & rice product,Pantry,Pasta & Rice,Coca-Cola,68.51,5.65,ACTIVE
PR0260,WW000260,P&G Soft Drinks Item 260,High quality soft drinks product,Beverages,Soft Drinks,Unilever,82.97,40.4,ACTIVE
PR0261,WW000261,Macro Seafood Item 261,High quality seafood product,Meat & Seafood,Seafood,Macro,86.21,32.17,ACTIVE
PR0262,WW000262,Coca-Cola Yogurt Item 262,High quality yogurt product,Dairy & Eggs,Yogurt,Select,45.47,30.72,ACTIVE
PR0263,WW000263,Nestle Canned Goods Item 263,High quality canned goods product,Pantry,Canned Goods,Unilever,87.02,43.27,ACTIVE
PR0264,WW000264,Macro Seafood Item 264,High quality seafood product,Meat & Seafood,Seafood,Nestle,9.77,10.27,ACTIVE
PR0265,WW000265,Select Laundry Item 265,High quality laundry product,Household,Laundry,Woolworths Essentials,75.3,1.53,ACTIVE
PR0266,WW000266,Coca-Cola Paper Products Item 266,High quality paper products product,Household,Paper Products,Select,52.92,2.9,ACTIVE
PR0267,WW000267,Unilever Pastries Item 267,High quality pastries product,Bakery,Pastries,Select,14.2,20.89,ACTIVE
PR0268,WW000268,Coca-Cola Personal Care Item 268,High quality personal care product,Health & Beauty,Personal Care,Coca-Cola,69.22,27.88,ACTIVE
PR0269,WW000269,Macro Fresh Fruit Item 269,High quality fresh fruit product,Fruit & Vegetables,Fresh Fruit,Coca-Cola,77.59,38.86,ACTIVE
PR0270,WW000270,Nestle Juices Item 270,High quality juices product,Beverages,Juices,P&G,65.07,18.09,ACTIVE
PR0271,WW000271,Unilever Canned Goods Item 271,High quality canned goods product,Pantry,Canned Goods,Select,37.77,24.27,ACTIVE
PR0272,WW000272,Nestle Milk Item 272,High quality milk product,Dairy & Eggs,Milk,Macro,42.82,20.42,ACTIVE
PR0273,WW000273,Macro Milk Item 273,High quality milk product,Dairy & Eggs,Milk,Nestle,22.33,12.68,ACTIVE
PR0274,WW000274,Coca-Cola Seafood Item 274,High quality seafood product,Meat & Seafood,Seafood,Nestle,57.1,28.65,ACTIVE
PR0275,WW000275,Coca-Cola Fresh Meat Item 275,High quality fresh meat product,Meat & Seafood,Fresh Meat,Coca-Cola,48.11,39.2,ACTIVE
PR0276,WW000276,P&G Condiments Item 276,High quality condiments product,Pantry,Condiments,Select,47.84,8.83,ACTIVE
PR0277,WW000277,Select Pasta & Rice Item 277,High quality pasta & rice product,Pantry,Pasta & Rice,P&G,61.16,14.09,ACTIVE
PR0278,WW000278,Unilever Fresh Fruit Item 278,High quality fresh fruit product,Fruit & Vegetables,Fresh Fruit,Woolworths Essentials,27.25,9.8,ACTIVE
PR0279,WW000279,Unilever Fresh Fruit Item 279,High quality fresh fruit product,Fruit & Vegetables,Fresh Fruit,Woolworths Essentials,79.24,34.25,ACTIVE
PR0280,WW000280,P&G Paper Products Item 280,High quality paper products product,Household,Paper Products,Nestle,6.37,5.42,ACTIVE
PR0281,WW000281,P&G Vitamins Item 281,High quality vitamins product,Health & Beauty,Vitamins,Unilever,2.21,1.49,ACTIVE
PR0282,WW000282,Coca-Cola Pastries Item 282,High quality pastries product,Bakery,Pastries,Unilever,49.22,39.09,ACTIVE
PR0283,WW000283,Woolworths Essentials Deli Meat Item 283,High quality deli meat product,Meat & Seafood,Deli Meat,Nestle,54.48,18.88,ACTIVE
PR0284,WW000284,Macro Cakes Item 284,High quality cakes product,Bakery,Cakes,P&G,73,4.28,ACTIVE
PR0285,WW000285,P&G Vitamins Item 285,High quality vitamins product,Health & Beauty,Vitamins,Woolworths Essentials,66.07,44.38,ACTIVE
PR0286,WW000286,Coca-Cola Fresh Vegetables Item 286,High quality fresh vegetables product,Fruit & Vegetables,Fresh Vegetables,Woolworths Essentials,36.4,22.91,ACTIVE
PR0287,WW000287,Coca-Cola Canned Goods Item 287,High quality canned goods product,Pantry,Canned Goods,Coca-Cola,24.1,16.82,ACTIVE
PR0288,WW000288,Nestle Cheese Item 288,High quality cheese product,Dairy & Eggs,Cheese,P&G,56.37,10.37,ACTIVE
PR0289,WW000289,Woolworths Essentials Fresh Fruit Item 289,High quality fresh fruit product,Fruit & Vegetables,Fresh Fruit,P&G,70.83,39.76,ACTIVE
PR0290,WW000290,Unilever Cakes Item 290,High quality cakes product,Bakery,Cakes,Unilever,34.08,36.52,ACTIVE
PR0291,WW000291,Unilever Pasta & Rice Item 291,High quality pasta & rice product,Pantry,Pasta & Rice,Nestle,74.09,43.89,ACTIVE
PR0292,WW000292,Nestle Cheese Item 292,High quality cheese product,Dairy & Eggs,Cheese,Nestle,29.45,29.32,ACTIVE
PR0293,WW000293,Macro Seafood Item 293,High quality seafood product,Meat & Seafood,Seafood,Unilever,23.58,37.95,ACTIVE
PR0294,WW000294,P&G Cleaning Item 294,High quality cleaning product,Household,Cleaning,Unilever,27.35,20.35,ACTIVE
PR0295,WW000295,Woolworths Essentials Bread Item 295,High quality bread product,Bakery,Bread,P&G,83.88,3.97,ACTIVE
PR0296,WW000296,Macro Fresh Meat Item 296,High quality fresh meat product,Meat & Seafood,Fresh Meat,Select,44.99,5.7,ACTIVE
PR0297,WW000297,Macro Seafood Item 297,High quality seafood product,Meat & Seafood,Seafood,Select,81.29,22.88,ACTIVE
PR0298,WW000298,Woolworths Essentials Cheese Item 298,High quality cheese product,Dairy & Eggs,Cheese,Macro,54.64,37.36,ACTIVE
PR0299,WW000299,Macro Bread Item 299,High quality bread product,Bakery,Bread,P&G,69.46,22.89,ACTIVE
PR0300,WW000300,P&G Juices Item 300,High quality juices product,Beverages,Juices,Woolworths Essentials,10.72,40.31,ACTIVE
PR0301,WW000301,Macro Yogurt Item 301,High quality yogurt product,Dairy & Eggs,Yogurt,P&G,28.61,3.43,ACTIVE
PR0302,WW000302,Unilever Yogurt Item 302,High quality yogurt product,Dairy & Eggs,Yogurt,Unilever,20.73,28.2,ACTIVE
PR0303,WW000303,Woolworths Essentials Fresh Meat Item 303,High quality fresh meat product,Meat & Seafood,Fresh Meat,Nestle,74.55,39.63,ACTIVE
PR0304,WW000304,P&G Deli Meat Item 304,High quality deli meat product,Meat & Seafood,Deli Meat,Select,68.75,22.41,ACTIVE
PR0305,WW000305,Nestle Water Item 305,High quality water product,Beverages,Water,Coca-Cola,39.19,38.79,ACTIVE
PR0306,WW000306,P&G Fresh Meat Item 306,High quality fresh meat product,Meat & Seafood,Fresh Meat,P&G,20.91,21.37,ACTIVE
PR0307,WW000307,P&G Cleaning Item 307,High quality cleaning product,Household,Cleaning,P&G,44.34,5.55,ACTIVE
PR0308,WW000308,Macro Water Item 308,High quality water product,Beverages,Water,Unilever,87.73,44.99,ACTIVE
PR0309,WW000309,Macro Yogurt Item 309,High quality yogurt product,Dairy & Eggs,Yogurt,Unilever,17.14,16.61,ACTIVE
PR0310,WW000310,Coca-Cola Fresh Vegetables Item 310,High quality fresh vegetables product,Fruit & Vegetables,Fresh Vegetables,Nestle,88.19,21.63,ACTIVE
PR0311,WW000311,Select Bread Item 311,High quality bread product,Bakery,Bread,Nestle,16.04,3.22,ACTIVE
PR0312,WW000312,Woolworths Essentials Condiments Item 312,High quality condiments product,Pantry,Condiments,Nestle,68.42,2.41,ACTIVE
PR0313,WW000313,Coca-Cola Soft Drinks Item 313,High quality soft drinks product,Beverages,Soft Drinks,Macro,84.21,16.82,ACTIVE
PR0314,WW000314,Select Condiments Item 314,High quality condiments product,Pantry,Condiments,Macro,51.24,41.1,ACTIVE
PR0315,WW000315,P&G Fresh Fruit Item 315,High quality fresh fruit product,Fruit & Vegetables,Fresh Fruit,Unilever,27.45,10.17,ACTIVE
PR0316,WW000316,Woolworths Essentials Cheese Item 316,High quality cheese product,Dairy & Eggs,Cheese,Nestle,43.8,12.62,ACTIVE
PR0317,WW000317,Unilever Milk Item 317,High quality milk product,Dairy & Eggs,Milk,Woolworths Essentials,76.21,21.41,ACTIVE
PR0318,WW000318,P&G Fresh Fruit Item 318,High quality fresh fruit product,Fruit & Vegetables,Fresh Fruit,Nestle,51.32,44.66,ACTIVE
PR0319,WW000319,Unilever Cosmetics Item 319,High quality cosmetics product,Health & Beauty,Cosmetics,Macro,12.27,2.89,ACTIVE
PR0320,WW000320,Select Fresh Vegetables Item 320,High quality fresh vegetables product,Fruit & Vegetables,Fresh Vegetables,Macro,85.6,28.56,ACTIVE
PR0321,WW000321,Unilever Fresh Vegetables Item 321,High quality fresh vegetables product,Fruit & Vegetables,Fresh Vegetables,Macro,5.21,3.76,ACTIVE
PR0322,WW000322,Macro Fresh Meat Item 322,High quality fresh meat product,Meat & Seafood,Fresh Meat,Nestle,55.74,4.88,ACTIVE
PR0323,WW000323,Macro Juices Item 323,High quality juices product,Beverages,Juices,Nestle,28.94,16.79,ACTIVE
PR0324,WW000324,Coca-Cola Canned Goods Item 324,High quality canned goods product,Pantry,Canned Goods,Nestle,51.9,25.3,ACTIVE
PR0325,WW000325,Select Juices Item 325,High quality juices product,Beverages,Juices,Woolworths Essentials,4.4,5.36,ACTIVE
PR0326,WW000326,Select Water Item 326,High quality water product,Beverages,Water,Woolworths Essentials,79.4,41.9,ACTIVE
PR0327,WW000327,P&G Bread Item 327,High quality bread product,Bakery,Bread,Select,55.95,30.08,ACTIVE
PR0328,WW000328,Woolworths Essentials Milk Item 328,High quality milk product,Dairy & Eggs,Milk,Select,15.32,41.95,ACTIVE
PR0329,WW000329,Coca-Cola Fresh Meat Item 329,High quality fresh meat product,Meat & Seafood,Fresh Meat,Unilever,87.89,28.72,ACTIVE
PR0330,WW000330,Woolworths Essentials Juices Item 330,High quality juices product,Beverages,Juices,Macro,41.01,21.94,ACTIVE
PR0331,WW000331,Macro Laundry Item 331,High quality laundry product,Household,Laundry,P&G,9.74,23.05,ACTIVE
PR0332,WW000332,Coca-Cola Pastries Item 332,High quality pastries product,Bakery,Pastries,Coca-Cola,62.09,39.9,ACTIVE
PR0333,WW000333,Select Paper Products Item 333,High quality paper products product,Household,Paper Products,P&G,70.46,32.98,ACTIVE
PR0334,WW000334,Nestle Bread Item 334,High quality bread product,Bakery,Bread,Nestle,39.08,31.56,ACTIVE
PR0335,WW000335,Coca-Cola Fresh Fruit Item 335,High quality fresh fruit product,Fruit & Vegetables,Fresh Fruit,Woolworths Essentials,19.83,13.05,ACTIVE
PR0336,WW000336,Coca-Cola Seafood Item 336,High quality seafood product,Meat & Seafood,Seafood,P&G,31.85,5.55,ACTIVE
PR0337,WW000337,Macro Cosmetics Item 337,High quality cosmetics product,Health & Beauty,Cosmetics,Nestle,39.73,29.74,ACTIVE
PR0338,WW000338,Unilever Personal Care Item 338,High quality personal care product,Health & Beauty,Personal Care,Coca-Cola,75.76,31.71,ACTIVE
PR0339,WW000339,Macro Soft Drinks Item 339,High quality soft drinks product,Beverages,Soft Drinks,Unilever,1.8,31.12,ACTIVE
PR0340,WW000340,Nestle Bread Item 340,High quality bread product,Bakery,Bread,Select,80.6,30.61,ACTIVE
PR0341,WW000341,Coca-Cola Seafood Item 341,High quality seafood product,Meat & Seafood,Seafood,Coca-Cola,57.49,4.51,ACTIVE
PR0342,WW000342,Select Pasta & Rice Item 342,High quality pasta & rice product,Pantry,Pasta & Rice,P&G,70.36,42.43,ACTIVE
PR0343,WW000343,Macro Fresh Fruit Item 343,High quality fresh fruit product,Fruit & Vegetables,Fresh Fruit,Nestle,51.22,10.34,ACTIVE
PR0344,WW000344,Coca-Cola Bread Item 344,High quality bread product,Bakery,Bread,Woolworths Essentials,75.67,15.03,ACTIVE
PR0345,WW000345,P&G Cleaning Item 345,High quality cleaning product,Household,Cleaning,Coca-Cola,52.42,6.84,ACTIVE
PR0346,WW000346,Macro Deli Meat Item 346,High quality deli meat product,Meat & Seafood,Deli Meat,Unilever,49.05,7.34,ACTIVE
PR0347,WW000347,Unilever Paper Products Item 347,High quality paper products product,Household,Paper Products,Woolworths Essentials,67.6,9.23,ACTIVE
PR0348,WW000348,Woolworths Essentials Canned Goods Item 348,High quality canned goods product,Pantry,Canned Goods,Coca-Cola,20.14,26.16,ACTIVE
PR0349,WW000349,Unilever Juices Item 349,High quality juices product,Beverages,Juices,Macro,42.33,43.09,ACTIVE
PR0350,WW000350,Woolworths Essentials Cosmetics Item 350,High quality cosmetics product,Health & Beauty,Cosmetics,Nestle,12.77,19.62,ACTIVE
PR0351,WW000351,Coca-Cola Organic Produce Item 351,High quality organic produce product,Fruit & Vegetables,Organic Produce,Nestle,32.49,28.77,ACTIVE
PR0352,WW000352,Select Organic Produce Item 352,High quality organic produce product,Fruit & Vegetables,Organic Produce,Unilever,67.61,10.48,ACTIVE
PR0353,WW000353,Unilever Water Item 353,High quality water product,Beverages,Water,Macro,46.93,3.49,ACTIVE
PR0354,WW000354,Unilever Pastries Item 354,High quality pastries product,Bakery,Pastries,Woolworths Essentials,53.63,11.57,ACTIVE
PR0355,WW000355,Select Bread Item 355,High quality bread product,Bakery,Bread,Macro,33.09,1.94,ACTIVE
PR0356,WW000356,Woolworths Essentials Cosmetics Item 356,High quality cosmetics product,Health & Beauty,Cosmetics,Coca-Cola,74.3,8.5,ACTIVE
PR0357,WW000357,Coca-Cola Pasta & Rice Item 357,High quality pasta & rice product,Pantry,Pasta & Rice,Select,46.75,31.64,ACTIVE
PR0358,WW000358,P&G Canned Goods Item 358,High quality canned goods product,Pantry,Canned Goods,Coca-Cola,71.78,35.78,ACTIVE
PR0359,WW000359,Macro Vitamins Item 359,High quality vitamins product,Health & Beauty,Vitamins,Macro,25.26,38.54,ACTIVE
PR0360,WW000360,Unilever Fresh Vegetables Item 360,High quality fresh vegetables product,Fruit & Vegetables,Fresh Vegetables,Nestle,18.36,30.44,ACTIVE
PR0361,WW000361,Coca-Cola Condiments Item 361,High quality condiments product,Pantry,Condiments,Select,52.12,13.39,ACTIVE
PR0362,WW000362,Woolworths Essentials Fresh Vegetables Item 362,High quality fresh vegetables product,Fruit & Vegetables,Fresh Vegetables,Unilever,83.24,0.8,ACTIVE
PR0363,WW000363,P&G Fresh Vegetables Item 363,High quality fresh vegetables product,Fruit & Vegetables,Fresh Vegetables,Macro,13.8,31.16,ACTIVE
PR0364,WW000364,P&G Fresh Meat Item 364,High quality fresh meat product,Meat & Seafood,Fresh Meat,Select,62.26,30.83,ACTIVE
PR0365,WW000365,Macro Vitamins Item 365,High quality vitamins product,Health & Beauty,Vitamins,Select,6.6,30.8,ACTIVE
PR0366,WW000366,P&G Pastries Item 366,High quality pastries product,Bakery,Pastries,Coca-Cola,84.26,0.77,ACTIVE
PR0367,WW000367,Select Organic Produce Item 367,High quality organic produce product,Fruit & Vegetables,Organic Produce,Nestle,41.09,39.84,ACTIVE
PR0368,WW000368,P&G Cheese Item 368,High quality cheese product,Dairy & Eggs,Cheese,P&G,35.32,1.13,ACTIVE
PR0369,WW000369,Coca-Cola Condiments Item 369,High quality condiments product,Pantry,Condiments,Unilever,70.35,40.15,ACTIVE
PR0370,WW000370,Macro Eggs Item 370,High quality eggs product,Dairy & Eggs,Eggs,Coca-Cola,74.36,33.7,ACTIVE
PR0371,WW000371,Select Water Item 371,High quality water product,Beverages,Water,Macro,39.46,14.91,ACTIVE
PR0372,WW000372,P&G Yogurt Item 372,High quality yogurt product,Dairy & Eggs,Yogurt,Macro,7.72,12.65,ACTIVE
PR0373,WW000373,Coca-Cola Fresh Vegetables Item 373,High quality fresh vegetables product,Fruit & Vegetables,Fresh Vegetables,Nestle,20.41,30.44,ACTIVE
PR0374,WW000374,Select Fresh Vegetables Item 374,High quality fresh vegetables product,Fruit & Vegetables,Fresh Vegetables,Macro,85.08,12.23,ACTIVE
PR0375,WW000375,Unilever Cakes Item 375,High quality cakes product,Bakery,Cakes,Woolworths Essentials,68.3,8.69,ACTIVE
PR0376,WW000376,Woolworths Essentials Condiments Item 376,High quality condiments product,Pantry,Condiments,Woolworths Essentials,27.42,40.51,ACTIVE
PR0377,WW000377,Nestle Cheese Item 377,High quality cheese product,Dairy & Eggs,Cheese,Nestle,49,30.26,ACTIVE
PR0378,WW000378,Unilever Soft Drinks Item 378,High quality soft drinks product,Beverages,Soft Drinks,Macro,57.92,37.19,ACTIVE
PR0379,WW000379,Macro Milk Item 379,High quality milk product,Dairy & Eggs,Milk,Nestle,22.78,31.98,ACTIVE
PR0380,WW000380,Nestle Milk Item 380,High quality milk product,Dairy & Eggs,Milk,Woolworths Essentials,6.06,3.07,ACTIVE
PR0381,WW000381,P&G Pastries Item 381,High quality pastries product,Bakery,Pastries,Coca-Cola,42.7,6.16,ACTIVE
PR0382,WW000382,Woolworths Essentials Personal Care Item 382,High quality personal care product,Health & Beauty,Personal Care,Macro,22.42,44.42,ACTIVE
PR0383,WW000383,Nestle Pasta & Rice Item 383,High quality pasta & rice product,Pantry,Pasta & Rice,Woolworths Essentials,46.26,23.83,ACTIVE
PR0384,WW000384,Macro Organic Produce Item 384,High quality organic produce product,Fruit & Vegetables,Organic Produce,Macro,40.69,24.5,ACTIVE
PR0385,WW000385,P&G Pasta & Rice Item 385,High quality pasta & rice product,Pantry,Pasta & Rice,Macro,44.19,20.98,ACTIVE
PR0386,WW000386,Select Pastries Item 386,High quality pastries product,Bakery,Pastries,Select,28.28,12.76,ACTIVE
PR0387,WW000387,Woolworths Essentials Seafood Item 387,High quality seafood product,Meat & Seafood,Seafood,Woolworths Essentials,5.54,18.09,ACTIVE
PR0388,WW000388,Woolworths Essentials Cakes Item 388,High quality cakes product,Bakery,Cakes,Select,7.98,9.97,ACTIVE
PR0389,WW000389,Select Vitamins Item 389,High quality vitamins product,Health & Beauty,Vitamins,Nestle,23.57,34.57,ACTIVE
PR0390,WW000390,Nestle Cheese Item 390,High quality cheese product,Dairy & Eggs,Cheese,Select,36.44,9.51,ACTIVE
PR0391,WW000391,P&G Soft Drinks Item 391,High quality soft drinks product,Beverages,Soft Drinks,Unilever,70.42,27.36,ACTIVE
PR0392,WW000392,Coca-Cola Bread Item 392,High quality bread product,Bakery,Bread,P&G,35.22,23.51,ACTIVE
PR0393,WW000393,Coca-Cola Vitamins Item 393,High quality vitamins product,Health & Beauty,Vitamins,Coca-Cola,60.33,42.71,ACTIVE
PR0394,WW000394,Unilever Cleaning Item 394,High quality cleaning product,Household,Cleaning,Coca-Cola,60.7,2.4,ACTIVE
PR0395,WW000395,Woolworths Essentials Paper Products Item 395,High quality paper products product,Household,Paper Products,Select,60.12,25.19,ACTIVE
PR0396,WW000396,Select Canned Goods Item 396,High quality canned goods product,Pantry,Canned Goods,Select,42.91,11.27,ACTIVE
PR0397,WW000397,Macro Fresh Meat Item 397,High quality fresh meat product,Meat & Seafood,Fresh Meat,Select,85.1,1.31,ACTIVE
PR0398,WW000398,Select Fresh Fruit Item 398,High quality fresh fruit product,Fruit & Vegetables,Fresh Fruit,Select,68.93,33.5,ACTIVE
PR0399,WW000399,Nestle Deli Meat Item 399,High quality deli meat product,Meat & Seafood,Deli Meat,P&G,29.57,21.71,ACTIVE
PR0400,WW000400,Select Pastries Item 400,High quality pastries product,Bakery,Pastries,Unilever,75.54,15.7,ACTIVE
PR0401,WW000401,P&G Water Item 401,High quality water product,Beverages,Water,P&G,18.98,31.32,ACTIVE
PR0402,WW000402,Macro Fresh Meat Item 402,High quality fresh meat product,Meat & Seafood,Fresh Meat,Nestle,10.18,43.38,ACTIVE
PR0403,WW000403,Select Yogurt Item 403,High quality yogurt product,Dairy & Eggs,Yogurt,Coca-Cola,46.62,36.12,ACTIVE
PR0404,WW000404,Unilever Personal Care Item 404,High quality personal care product,Health & Beauty,Personal Care,Select,78.46,29.86,ACTIVE
PR0405,WW000405,Unilever Cleaning Item 405,High quality cleaning product,Household,Cleaning,Coca-Cola,32.41,17.48,ACTIVE
PR0406,WW000406,Unilever Fresh Meat Item 406,High quality fresh meat product,Meat & Seafood,Fresh Meat,P&G,47.19,7.84,ACTIVE
PR0407,WW000407,Macro Milk Item 407,High quality milk product,Dairy & Eggs,Milk,Unilever,89.62,20.75,ACTIVE
PR0408,WW000408,Unilever Cheese Item 408,High quality cheese product,Dairy & Eggs,Cheese,Select,21.36,6.85,ACTIVE
PR0409,WW000409,Coca-Cola Vitamins Item 409,High quality vitamins product,Health & Beauty,Vitamins,Nestle,53.78,32.85,ACTIVE
PR0410,WW000410,P&G Soft Drinks Item 410,High quality soft drinks product,Beverages,Soft Drinks,Coca-Cola,37.28,23.3,ACTIVE
PR0411,WW000411,Select Condiments Item 411,High quality condiments product,Pantry,Condiments,Macro,40.06,10.75,ACTIVE
PR0412,WW000412,Select Milk Item 412,High quality milk product,Dairy & Eggs,Milk,P&G,46.41,8.55,ACTIVE
PR0413,WW000413,Woolworths Essentials Cheese Item 413,High quality cheese product,Dairy & Eggs,Cheese,Select,4.37,39.64,ACTIVE
PR0414,WW000414,Select Water Item 414,High quality water product,Beverages,Water,Nestle,54.97,36.19,ACTIVE
PR0415,WW000415,Unilever Personal Care Item 415,High quality personal care product,Health & Beauty,Personal Care,P&G,49.96,24.58,ACTIVE
PR0416,WW000416,Select Eggs Item 416,High quality eggs product,Dairy & Eggs,Eggs,Unilever,54.48,26.42,ACTIVE
PR0417,WW000417,Macro Personal Care Item 417,High quality personal care product,Health & Beauty,Personal Care,Coca-Cola,30.63,7.51,ACTIVE
PR0418,WW000418,Select Condiments Item 418,High quality condiments product,Pantry,Condiments,Woolworths Essentials,50.43,10.11,ACTIVE
PR0419,WW000419,Nestle Pastries Item 419,High quality pastries product,Bakery,Pastries,Coca-Cola,45.64,36.02,ACTIVE
PR0420,WW000420,Macro Juices Item 420,High quality juices product,Beverages,Juices,Nestle,25.56,4.19,ACTIVE
PR0421,WW000421,P&G Pasta & Rice Item 421,High quality pasta & rice product,Pantry,Pasta & Rice,Unilever,79.08,22.08,ACTIVE
PR0422,WW000422,Woolworths Essentials Cheese Item 422,High quality cheese product,Dairy & Eggs,Cheese,Coca-Cola,45.17,9.17,ACTIVE
PR0423,WW000423,Macro Cleaning Item 423,High quality cleaning product,Household,Cleaning,Select,53.12,5.71,ACTIVE
PR0424,WW000424,Woolworths Essentials Deli Meat Item 424,High quality deli meat product,Meat & Seafood,Deli Meat,Unilever,57.4,1.25,ACTIVE
PR0425,WW000425,Woolworths Essentials Personal Care Item 425,High quality personal care product,Health & Beauty,Personal Care,Macro,70.22,2.61,ACTIVE
PR0426,WW000426,P&G Cheese Item 426,High quality cheese product,Dairy & Eggs,Cheese,Woolworths Essentials,36.55,42.7,ACTIVE
PR0427,WW000427,Coca-Cola Fresh Fruit Item 427,High quality fresh fruit product,Fruit & Vegetables,Fresh Fruit,Select,54.6,9.52,ACTIVE
PR0428,WW000428,Coca-Cola Soft Drinks Item 428,High quality soft drinks product,Beverages,Soft Drinks,Select,12.37,16.41,ACTIVE
PR0429,WW000429,Woolworths Essentials Deli Meat Item 429,High quality deli meat product,Meat & Seafood,Deli Meat,Nestle,23.83,37.99,ACTIVE
PR0430,WW000430,Coca-Cola Soft Drinks Item 430,High quality soft drinks product,Beverages,Soft Drinks,Coca-Cola,15.2,8.8,ACTIVE
PR0431,WW000431,Woolworths Essentials Fresh Meat Item 431,High quality fresh meat product,Meat & Seafood,Fresh Meat,P&G,89.77,6.09,ACTIVE
PR0432,WW000432,P&G Organic Produce Item 432,High quality organic produce product,Fruit & Vegetables,Organic Produce,Unilever,82.93,4.54,ACTIVE
PR0433,WW000433,Woolworths Essentials Pastries Item 433,High quality pastries product,Bakery,Pastries,Select,55.51,4.74,ACTIVE
PR0434,WW000434,Woolworths Essentials Milk Item 434,High quality milk product,Dairy & Eggs,Milk,Unilever,3.28,27.73,ACTIVE
PR0435,WW000435,Woolworths Essentials Soft Drinks Item 435,High quality soft drinks product,Beverages,Soft Drinks,Nestle,56.05,15.21,ACTIVE
PR0436,WW000436,Select Cakes Item 436,High quality cakes product,Bakery,Cakes,Macro,47.79,3.98,ACTIVE
PR0437,WW000437,Macro Water Item 437,High quality water product,Beverages,Water,Select,62.46,26.36,ACTIVE
PR0438,WW000438,Nestle Water Item 438,High quality water product,Beverages,Water,Woolworths Essentials,14.17,2.04,ACTIVE
PR0439,WW000439,Macro Pasta & Rice Item 439,High quality pasta & rice product,Pantry,Pasta & Rice,Nestle,51.83,19.28,ACTIVE
PR0440,WW000440,Woolworths Essentials Condiments Item 440,High quality condiments product,Pantry,Condiments,Coca-Cola,17.98,3.57,ACTIVE
PR0441,WW000441,Macro Seafood Item 441,High quality seafood product,Meat & Seafood,Seafood,Unilever,88.51,38.81,ACTIVE
PR0442,WW000442,Coca-Cola Eggs Item 442,High quality eggs product,Dairy & Eggs,Eggs,Coca-Cola,66.53,2.51,ACTIVE
PR0443,WW000443,Unilever Organic Produce Item 443,High quality organic produce product,Fruit & Vegetables,Organic Produce,Woolworths Essentials,65.96,18.24,ACTIVE
PR0444,WW000444,Macro Cosmetics Item 444,High quality cosmetics product,Health & Beauty,Cosmetics,Macro,35.31,14.12,ACTIVE
PR0445,WW000445,Coca-Cola Condiments Item 445,High quality condiments product,Pantry,Condiments,Woolworths Essentials,9.18,34.69,ACTIVE
PR0446,WW000446,Nestle Vitamins Item 446,High quality vitamins product,Health & Beauty,Vitamins,Coca-Cola,25.54,42.34,ACTIVE
PR0447,WW000447,Unilever Personal Care Item 447,High quality personal care product,Health & Beauty,Personal Care,Nestle,31.28,9.86,ACTIVE
PR0448,WW000448,P&G Eggs Item 448,High quality eggs product,Dairy & Eggs,Eggs,Coca-Cola,10.25,28.53,ACTIVE
PR0449,WW000449,Woolworths Essentials Vitamins Item 449,High quality vitamins product,Health & Beauty,Vitamins,Select,14.8,3.34,ACTIVE
PR0450,WW000450,P&G Eggs Item 450,High quality eggs product,Dairy & Eggs,Eggs,Unilever,9.35,42.97,ACTIVE
PR0451,WW000451,Woolworths Essentials Canned Goods Item 451,High quality canned goods product,Pantry,Canned Goods,Coca-Cola,19.48,10.16,ACTIVE
PR0452,WW000452,Nestle Vitamins Item 452,High quality vitamins product,Health & Beauty,Vitamins,Select,9.44,14.73,ACTIVE
PR0453,WW000453,Nestle Fresh Meat Item 453,High quality fresh meat product,Meat & Seafood,Fresh Meat,Select,19.96,33.32,ACTIVE
PR0454,WW000454,Macro Juices Item 454,High quality juices product,Beverages,Juices,Select,45.5,29.42,ACTIVE
PR0455,WW000455,P&G Cleaning Item 455,High quality cleaning product,Household,Cleaning,Unilever,25.92,39.53,ACTIVE
PR0456,WW000456,Unilever Laundry Item 456,High quality laundry product,Household,Laundry,Unilever,88.62,17.51,ACTIVE
PR0457,WW000457,P&G Fresh Meat Item 457,High quality fresh meat product,Meat & Seafood,Fresh Meat,Select,72.49,29.55,ACTIVE
PR0458,WW000458,Woolworths Essentials Pasta & Rice Item 458,High quality pasta & rice product,Pantry,Pasta & Rice,Unilever,53.03,31.93,ACTIVE
PR0459,WW000459,Macro Deli Meat Item 459,High quality deli meat product,Meat & Seafood,Deli Meat,Nestle,34.88,43.89,ACTIVE
PR0460,WW000460,Unilever Yogurt Item 460,High quality yogurt product,Dairy & Eggs,Yogurt,Nestle,42.98,5.7,ACTIVE
PR0461,WW000461,Coca-Cola Cosmetics Item 461,High quality cosmetics product,Health & Beauty,Cosmetics,Unilever,67.56,30.04,ACTIVE
PR0462,WW000462,Nestle Vitamins Item 462,High quality vitamins product,Health & Beauty,Vitamins,Unilever,2.19,3.85,ACTIVE
PR0463,WW000463,Macro Personal Care Item 463,High quality personal care product,Health & Beauty,Personal Care,P&G,58.6,43.11,ACTIVE
PR0464,WW000464,Unilever Cleaning Item 464,High quality cleaning product,Household,Cleaning,Nestle,30.2,7.3,ACTIVE
PR0465,WW000465,Coca-Cola Paper Products Item 465,High quality paper products product,Household,Paper Products,Unilever,3.29,24.03,ACTIVE
PR0466,WW000466,Macro Soft Drinks Item 466,High quality soft drinks product,Beverages,Soft Drinks,Unilever,56.4,16.68,ACTIVE
PR0467,WW000467,P&G Laundry Item 467,High quality laundry product,Household,Laundry,Macro,22.23,32.55,ACTIVE
PR0468,WW000468,Woolworths Essentials Cakes Item 468,High quality cakes product,Bakery,Cakes,Select,38.54,41.81,ACTIVE
PR0469,WW000469,Select Paper Products Item 469,High quality paper products product,Household,Paper Products,Coca-Cola,70.24,23.32,ACTIVE
PR0470,WW000470,P&G Soft Drinks Item 470,High quality soft drinks product,Beverages,Soft Drinks,Woolworths Essentials,49.88,8.63,ACTIVE
PR0471,WW000471,Coca-Cola Canned Goods Item 471,High quality canned goods product,Pantry,Canned Goods,Nestle,49.47,35.31,ACTIVE
PR0472,WW000472,P&G Personal Care Item 472,High quality personal care product,Health & Beauty,Personal Care,Woolworths Essentials,79.8,26.52,ACTIVE
PR0473,WW000473,Macro Milk Item 473,High quality milk product,Dairy & Eggs,Milk,P&G,46.96,18.62,ACTIVE
PR0474,WW000474,P&G Deli Meat Item 474,High quality deli meat product,Meat & Seafood,Deli Meat,Select,63.48,30.53,ACTIVE
PR0475,WW000475,Woolworths Essentials Cakes Item 475,High quality cakes product,Bakery,Cakes,Select,44.01,30.49,ACTIVE
PR0476,WW000476,Coca-Cola Eggs Item 476,High quality eggs product,Dairy & Eggs,Eggs,Nestle,8.84,18.47,ACTIVE
PR0477,WW000477,Nestle Pasta & Rice Item 477,High quality pasta & rice product,Pantry,Pasta & Rice,Select,4.36,8.15,ACTIVE
PR0478,WW000478,Macro Organic Produce Item 478,High quality organic produce product,Fruit & Vegetables,Organic Produce,Select,14.55,23.04,ACTIVE
PR0479,WW000479,Nestle Seafood Item 479,High quality seafood product,Meat & Seafood,Seafood,Macro,38.35,43.36,ACTIVE
PR0480,WW000480,Macro Pasta & Rice Item 480,High quality pasta & rice product,Pantry,Pasta & Rice,Coca-Cola,69.76,13.77,ACTIVE
PR0481,WW000481,P&G Yogurt Item 481,High quality yogurt product,Dairy & Eggs,Yogurt,Unilever,51.56,18.61,ACTIVE
PR0482,WW000482,Woolworths Essentials Soft Drinks Item 482,High quality soft drinks product,Beverages,Soft Drinks,Nestle,58.65,2.29,ACTIVE
PR0483,WW000483,Coca-Cola Condiments Item 483,High quality condiments product,Pantry,Condiments,Woolworths Essentials,88.24,36.93,ACTIVE
PR0484,WW000484,Woolworths Essentials Personal Care Item 484,High quality personal care product,Health & Beauty,Personal Care,Woolworths Essentials,61.49,18.23,ACTIVE
PR0485,WW000485,Macro Bread Item 485,High quality bread product,Bakery,Bread,P&G,51.8,4.55,ACTIVE
PR0486,WW000486,Coca-Cola Soft Drinks Item 486,High quality soft drinks product,Beverages,Soft Drinks,P&G,45.13,18.62,ACTIVE
PR0487,WW000487,Nestle Cleaning Item 487,High quality cleaning product,Household,Cleaning,P&G,56.78,26.97,ACTIVE
PR0488,WW000488,Macro Cakes Item 488,High quality cakes product,Bakery,Cakes,Select,52.7,15.7,ACTIVE
PR0489,WW000489,Coca-Cola Paper Products Item 489,High quality paper products product,Household,Paper Products,Select,30.54,9.41,ACTIVE
PR0490,WW000490,Coca-Cola Laundry Item 490,High quality laundry product,Household,Laundry,P&G,48.29,33.32,ACTIVE
PR0491,WW000491,P&G Organic Produce Item 491,High quality organic produce product,Fruit & Vegetables,Organic Produce,Coca-Cola,11.19,4.93,ACTIVE
PR0492,WW000492,Select Seafood Item 492,High quality seafood product,Meat & Seafood,Seafood,Coca-Cola,59.97,30.73,ACTIVE
PR0493,WW000493,Coca-Cola Pastries Item 493,High quality pastries product,Bakery,Pastries,Coca-Cola,51.66,13.58,ACTIVE
PR0494,WW000494,Coca-Cola Fresh Vegetables Item 494,High quality fresh vegetables product,Fruit & Vegetables,Fresh Vegetables,Unilever,30.82,43.8,ACTIVE
PR0495,WW000495,Macro Cosmetics Item 495,High quality cosmetics product,Health & Beauty,Cosmetics,Select,85.43,39.57,ACTIVE
PR0496,WW000496,Woolworths Essentials Cheese Item 496,High quality cheese product,Dairy & Eggs,Cheese,Nestle,77.05,30.36,ACTIVE
PR0497,WW000497,Woolworths Essentials Organic Produce Item 497,High quality organic produce product,Fruit & Vegetables,Organic Produce,Select,86.68,36.22,ACTIVE
PR0498,WW000498,Coca-Cola Seafood Item 498,High quality seafood product,Meat & Seafood,Seafood,Nestle,57.4,0.89,ACTIVE
PR0499,WW000499,Woolworths Essentials Cakes Item 499,High quality cakes product,Bakery,Cakes,P&G,1.87,44.51,ACTIVE
PR0500,WW000500,P&G Juices Item 500,High quality juices product,Beverages,Juices,Macro,61.97,24.08,ACTIVE
